driverId,name,ssn,location,certified,wage-plan
10,Michelle Jackson,616-55-4407,"90964 Carmen Camp Apt. 289
Hendrixside, TX 81245",N,miles
11,Sarah Peterson,008-10-4132,"67728 Michael Street
Jonland, FM 06524",N,hours
12,Stephen Hall,278-98-0109,"626 Moran Fort
Jonesview, IL 15230",Y,miles
13,Laura Scott,775-41-0433,"024 Aaron Summit Apt. 778
Smithside, KS 57183",Y,miles
14,Kara Morris,105-40-7201,"730 Jennifer Village
West Jeffreychester, IA 38265",N,hours
15,Keith Diaz,626-34-4190,"17673 Howell Burg Suite 410
Nicoleborough, NC 09571",Y,miles
16,Michael Neal,560-43-3672,"49803 Jones Isle Apt. 089
Cindyside, MH 15080",N,miles
17,Michael Winters,236-90-4829,"567 Smith Islands
Thompsonchester, ME 86018",N,miles
18,Sarah Smith,667-30-0568,"670 Merritt Prairie Suite 345
West Davidbury, FM 05958",Y,miles
19,Felicia Duncan,647-59-0273,"USNV Hogan
FPO AA 92631",N,hours
20,Eric White,881-97-2345,"PSC 2648, Box 0333
APO AA 62010",Y,miles
21,Christina Hale,262-16-7784,"698 Rachel Grove Suite 799
Jeffreychester, FL 64734",Y,miles
22,Lisa Cantu,742-36-0873,"9826 Christopher Tunnel
Ryanmouth, DE 02725",Y,miles
23,Mike Woods,411-04-0048,"0585 Luis Mill Suite 710
North Briannaburgh, IN 49772",Y,hours
24,Craig Garcia,863-45-4893,"88210 Burch Fort Suite 759
Codyhaven, DC 36312",Y,miles
25,Kristina Peterson,631-85-1905,"PSC 5697, Box 7712
APO AP 74306",Y,miles
26,Courtney Mcdonald,462-95-5505,"731 Lambert Junction
South Katelyn, TN 33650",Y,hours
27,Richard Norris,098-51-5520,"USS Baker
FPO AA 17353",N,hours
28,Gina Williams,233-22-6935,"179 Katherine Glen
Sarahchester, PW 95124",Y,hours
29,John Burke,583-03-8496,"369 Robertson Overpass Apt. 735
Conwayport, MN 33433",Y,miles
30,Jonathan Harmon,277-04-8290,"669 Derrick Stravenue Suite 880
Rickeyborough, DC 57954",N,hours
31,Lori Shannon,887-24-1600,"973 Kathy Way
West Debrafurt, IN 79656",Y,miles
32,Misty Hickman,232-20-1407,"11609 Michael Meadows
Port Davidton, GU 24628",Y,miles
33,Mary Park,391-62-9719,"7803 Bryce Mountain Suite 138
Michaelview, FM 60255",Y,miles
34,Wesley Mccormick,091-16-9484,"7571 Moore Isle
Lake Christian, MA 37822",Y,miles
35,William Perez,033-41-7791,"7556 Michael Mall
New Maria, VT 11776",Y,miles
36,Alexis Roberts,532-67-4849,"8061 Susan Greens Apt. 758
Acostahaven, ND 72566",N,hours
37,Erin Hoffman,287-68-2614,"65118 Kim Estates Apt. 596
Samanthaton, CO 43494",Y,miles
38,Cheyenne Garcia,747-34-2350,"6040 John Springs Apt. 231
East Darryl, NY 53620",N,hours
39,Patrick Ellis,548-14-8248,"570 Thomas Shore Suite 048
Englishborough, GU 61216",Y,hours
40,Kelsey Griffin,842-54-5082,"18689 Jennifer Fall
New Stephanie, AZ 31068",N,hours
41,Scott Becker,166-10-7802,"87092 Sandra Ports
West Jennifer, NY 28202",Y,hours
42,Danielle Jones,026-89-4601,"PSC 8265, Box 4121
APO AA 76883",Y,hours
43,Dylan Walker,510-46-4597,"716 Rodriguez Walk
West Levihaven, HI 71195",N,hours
44,Mary Gomez,762-26-5236,"USNV Myers
FPO AA 23221",Y,hours
45,Denise Garcia,613-19-2091,"002 Christine Lane
New Jane, SD 98037",Y,miles
46,Brent Knox,196-05-8268,"5545 Jessica Bypass
Hullberg, KY 41412",Y,miles
47,Eduardo Anderson,785-46-4112,"PSC 2964, Box 9053
APO AA 91215",Y,miles
48,Cristina Stevens,605-39-4104,"2824 Kemp Meadows
Danielsborough, IL 98341",N,miles
49,Hannah Mclean,364-42-7311,"07709 Graham Circles Apt. 634
Mitchellberg, SD 60265",Y,miles
50,Sarah Harris,136-71-5033,"881 Jeremiah Ports
Jonathanville, WV 12780",N,hours
51,Anne Contreras,835-20-7442,"392 David Wells Apt. 510
Elizabethview, OR 45255",N,hours
52,Alfred Fox,494-97-7981,"PSC 5496, Box 7187
APO AA 33947",N,hours
53,Joshua Kim,228-04-2137,"171 Willie Lakes Apt. 360
South Annberg, MP 39314",Y,miles
54,Gina Baldwin,520-60-0837,"9533 Flores Pike Suite 501
Patricktown, TN 91271",Y,hours
55,Daniel Mosley,093-35-0703,"246 April Glen
East Wendyport, NV 32998",Y,hours
56,Wendy Adams,736-58-2719,"6131 Rodriguez Ramp
Mackland, MD 33197",N,hours
57,Erin Ritter,791-35-0927,"71258 Bryant Lock Apt. 773
West Charlene, AL 02290",N,hours
58,Nathan Murphy,843-69-7337,"8093 Herrera Grove
Chapmanchester, ME 72823",Y,miles
59,Tiffany Williams,324-83-8958,"18151 Ronald Ramp Suite 905
South Erinview, ID 55526",Y,miles
60,David Gonzalez,459-08-6372,"4711 Haynes Common
Garciabury, MS 56189",N,miles
61,Andrew Booker,095-78-2992,"029 Chapman Streets
Mathewsfurt, NC 24285",Y,hours
62,Angel Morrow,724-59-6111,"962 James Fort Suite 928
Garciamouth, TX 65438",Y,miles
63,Justin Singh,480-09-5780,"56159 Mason Courts
Wellsfort, ID 83070",Y,miles
64,Sara Drake,615-53-0065,"32398 Melissa Wall Apt. 698
Wheelerborough, SC 95513",Y,hours
65,Joseph Brown,879-13-6011,"99007 Maria Wells Suite 100
East Danieltown, WV 84404",N,hours
66,Tammy Brown,250-51-4525,"448 Alexander Street Apt. 970
Port Ryan, OH 91072",Y,hours
67,Rachel Peters,080-23-0721,"8904 Sharon Place
Mistyshire, NV 20489",N,hours
68,Brian Holmes,513-48-7836,"731 Nunez Bridge Apt. 885
Merrittton, FM 20652",Y,miles
69,Ethan Reynolds,413-41-9858,"9758 Morales Trail
Port Joshua, NV 72650",N,miles
70,Michelle Fernandez,127-85-6483,"8489 Hanson Inlet
West Lisa, IA 34358",Y,miles
71,Cheryl Leon,164-24-6118,"6179 Mcdonald Plain
East Christopher, AR 78864",Y,hours
72,Ronnie Smith,298-98-7879,"992 David Crossroad Suite 745
Lake Shelbyport, AZ 74827",Y,hours
73,Brian Lewis,031-27-5579,"5061 Stephanie Glens Apt. 610
East Kyle, TN 17644",N,hours
74,Gregory Robinson,247-68-4937,"2888 Katherine Inlet
Jimenezfurt, SD 82256",Y,hours
75,Jennifer Mcclain,366-83-0509,"329 Shelby Knolls
East Alexandertown, OR 42046",Y,hours
76,Joshua Daniels,782-05-7634,"PSC 9958, Box 0688
APO AP 68108",N,miles
77,Shawn Oconnor,105-10-6883,"348 Ramirez View
East Michaelmouth, RI 25235",Y,hours
78,Francisco Cantu,184-94-7686,"639 Brown Alley Apt. 337
Pattersonhaven, HI 35846",Y,miles
79,Emily Hale,625-72-4041,"46377 Henry Plain
West David, NM 30188",N,miles
80,Jennifer Lambert,068-80-7165,"10458 Cochran Avenue Suite 823
Rebeccafurt, MN 83485",N,hours
81,Mary Hill,017-46-0188,"218 Williams Forks
Clarkburgh, DC 48492",Y,hours
82,Raymond Smith,267-90-2709,"56946 Diana Way Apt. 741
New Evelyn, DE 16053",Y,miles
83,Corey Johnston,803-99-1090,"923 James Rue Suite 951
New Cameronland, ND 08218",N,hours
84,Jennifer Johnson,865-22-7184,"8574 Daniel Walk
Millermouth, PR 69299",N,hours
85,Paul Anderson,364-52-9139,"66606 Lewis Manors
East Breannamouth, AL 40482",N,miles
86,Monique Vasquez DDS,315-08-1120,"8373 Coleman Light
Walterport, WI 81506",Y,hours
87,Kayla Hall,321-90-3284,"756 Nicholas Ports Suite 691
Hallville, VI 96104",Y,miles
88,Justin Lee,746-77-1738,"12197 Christina Burg Suite 879
West Aaron, FM 52714",N,miles
89,Jessica Burton,734-66-6847,"67842 Jessica Green
Justinshire, WI 82757",Y,hours
90,Joshua Cortez,511-19-0533,"41768 Joshua Ridges
New Jerry, PR 67183",N,miles
91,Carol Grimes,185-10-2570,"8419 Vega Port Apt. 568
West Jeffrey, ND 17736",N,miles
92,Anthony Walter,737-63-2325,"4683 Jason Canyon
South Josefort, MD 33770",Y,miles
93,Monica Warren,762-96-2496,"914 Owens Cove Suite 654
East Willie, AZ 36164",Y,miles
94,Michael Landry,370-05-6762,"43490 Alyssa Plains
Colemanberg, MD 38092",Y,miles
95,Richard Frazier MD,466-22-2802,"69033 Salazar Burg Suite 057
Rodriguezfurt, MI 35156",Y,miles
96,Loretta Barker,769-25-9322,"USS Rivera
FPO AE 56829",Y,hours
97,Sean Elliott,436-35-6642,"4666 Braun Burgs
North Kellishire, FL 02975",Y,hours
98,Shawn Lee,684-65-5135,"8880 Craig Mountains Suite 054
Clarkstad, MO 99715",Y,miles
99,Alyssa Parker,313-49-3005,"USCGC Wilkinson
FPO AE 40209",Y,hours
100,Amanda Adams,078-04-3264,"2752 Ford Green
Sherriborough, FL 17624",Y,miles
101,James Bowers,016-08-8158,"067 Morales Keys Apt. 280
North Andrea, MS 83018",Y,miles
102,Douglas Mahoney,054-64-1082,"USNV Harrell
FPO AA 26540",N,miles
103,Maria Wagner,497-51-2386,"294 Kevin Pike Suite 374
Karentown, VA 67062",N,hours
104,Jill Benitez,019-64-3928,"219 William Parkways Apt. 303
Clarkeberg, UT 58562",Y,hours
105,Theresa Hughes,093-39-3784,"189 Wells Cliff
Spencerside, GU 27256",N,hours
106,Sarah Gray,341-18-6734,"USNS Johnson
FPO AA 19685",Y,miles
107,Kimberly Gomez,829-70-8104,"3580 Smith Junctions Apt. 697
Valdezton, VT 84162",Y,hours
108,Paul Schneider,727-24-6387,"317 Derrick Neck Suite 849
Andersonfort, MH 30068",Y,miles
109,Erin Richards,119-22-6882,"3462 Daniel Walk Apt. 640
Lake Chasemouth, ND 22929",Y,hours
110,Dominique Anderson,506-21-9988,"2734 Oscar Field
Paulberg, MT 15694",N,hours
111,Taylor Gardner,888-34-1267,"1816 Julie Loaf
Janeshire, MP 84463",Y,hours
112,Nancy Adams,356-42-2449,"USNS Hunt
FPO AP 55177",Y,miles
113,Shannon Pena,695-03-7560,"1902 Vargas Meadows Suite 023
Daymouth, WI 29721",Y,miles
114,Rita Blankenship,660-51-8941,"3228 Scott Field
East Davidville, AL 83756",N,miles
115,Megan Mcdonald,897-49-2042,"274 Miller Union
Brianabury, TN 39073",Y,miles
116,Nancy Johnson,191-98-2951,"4372 Jenkins Square Suite 071
Nicolehaven, AS 01803",Y,hours
117,Jesse Brown,701-91-4329,"186 Fuller Courts
South Judithstad, PW 93784",N,miles
118,Courtney Foster,479-53-7760,"899 Ferguson Neck
Burtonborough, OR 97176",N,miles
119,Wendy Williams,556-53-6096,"10880 Jeffrey Overpass Apt. 577
Billymouth, UT 82813",N,miles
120,Jennifer Evans,814-12-6236,"09295 Jacobs Parkways
Toddstad, PR 62878",Y,miles
121,Dr. Judy Maynard,099-13-2474,"456 Laura Village Suite 079
West Frederick, ME 59596",N,hours
122,Erin Melendez,524-95-0447,"960 Richard Skyway
Seanton, NJ 37393",N,miles
123,James Turner,311-01-1135,"808 Angela Islands Suite 205
Lake Kevin, OH 48319",N,miles
124,Larry Goodwin,134-54-4385,"35219 Brooke Ridge Apt. 584
Lake Sethberg, GA 34095",Y,hours
125,Joshua Smith,601-38-4356,"4605 Vaughn Gardens
West Matthew, NM 49675",Y,hours
126,Dr. James Richards,031-77-4189,"Unit 8052 Box 1673
DPO AE 77385",Y,miles
127,Stephen Roth,337-51-1177,"Unit 9028 Box 7523
DPO AE 48168",Y,hours
128,Michael Kim,292-49-8661,"4106 Chad Shoal
East Johnville, HI 63458",N,hours
129,Barbara Evans,138-23-3186,"88771 Michael Ridges Suite 763
Jacquelinehaven, SC 17592",N,miles
130,Anna Johnson,373-76-6680,"65885 Kline Curve Suite 404
Rodriguezland, LA 45009",Y,hours
131,Douglas Whitaker,704-18-7181,"1044 Kenneth Garden
South Emmashire, OR 35751",Y,miles
132,Michelle Conley,459-01-4245,"44628 Angela Lodge Suite 410
Lake Patrick, FL 66608",Y,miles
133,Sean Turner,424-91-3749,"20641 Nichols Branch
Turnertown, SD 81755",Y,miles
134,Jeffrey Cochran,813-39-6826,"579 Williams Lock
West Linda, PA 48151",Y,miles
135,Andrew Grimes,320-56-6784,"705 Smith Views
New Kayla, IL 56392",N,hours
136,Gregory Burke,007-20-4894,"9482 Miller Shores Suite 317
Brooksfurt, PA 18196",N,miles
137,Noah Cohen,594-37-2609,"259 Francis Glens
Matthewchester, IL 43719",Y,hours
138,Patrick Johnson,018-16-3446,"66611 Denise Falls Suite 582
North Andrefort, FM 70572",N,miles
139,Amanda Foster,358-82-4910,"477 Mcgee Centers
Port Leefurt, SC 01368",N,hours
140,Dennis Holland,119-31-4003,"50206 James Inlet Apt. 188
North Jeanette, FM 64852",Y,hours
141,Deborah Mcknight,438-22-2899,"80818 Fields Curve Apt. 533
North Joseph, WI 33002",N,miles
142,Alexis Thomas,094-68-9758,"151 Heather Ports Apt. 648
Jenningston, DE 39397",Y,hours
143,Justin Rodriguez,803-96-7642,"992 Wanda Dam Suite 911
Martinezborough, GA 50002",N,hours
144,Carl Christensen,623-65-8952,"0471 Lee Plains Apt. 900
North Joan, MO 33181",Y,miles
145,Jennifer Garcia,027-43-0993,"73021 Livingston Via Apt. 924
Michaelstad, OK 56808",N,hours
146,Julia Brown,763-04-4353,"3968 Vasquez Motorway
Lake Thomaschester, NJ 72812",N,miles
147,Jennifer Johnson,161-53-0235,"Unit 4408 Box 0779
DPO AA 96186",N,miles
148,Stanley Walker,333-98-7313,"7896 Melissa Bypass
Stephaniestad, NC 80175",Y,miles
149,Craig Myers,490-72-5247,"5814 Brian Cape
New Jennifer, CT 10443",Y,hours
150,Michael Alexander,621-71-4541,"2044 Stephen Avenue Apt. 910
Snyderton, AS 93266",Y,hours
151,Sean Anderson,243-34-5730,"775 Caleb Mountain
Diamondtown, GA 25138",Y,miles
152,Steven Baker,441-36-9938,"19715 Bell Coves Suite 978
Lake Jennifer, LA 04569",N,hours
153,Alyssa Jackson,091-94-0488,"660 Mary Port
Port Christopherport, NC 80580",Y,hours
154,Patricia Morris,191-91-6460,"88191 Bryan Circles
Flemingmouth, UT 74718",Y,miles
155,Terri Quinn,374-98-0359,"76075 Laura Common
Morrowborough, MD 44498",N,miles
156,Taylor Manning,773-14-1470,"21140 Brent Parkway Apt. 359
West Jonathanfort, AL 86952",N,hours
157,Jennifer Bailey,197-90-3693,"26185 Chapman Stravenue Apt. 922
New Angela, ID 69172",Y,hours
158,Amy Stephens,718-57-0763,"65953 Cheryl Mill Apt. 810
West Julia, VT 69862",Y,miles
159,Michael Ponce,130-34-7814,"504 Tracy Flat Apt. 040
Kimberlyshire, VI 14431",Y,hours
160,David Foster,681-75-5003,"7094 Lisa Island Apt. 527
Jimenezbury, PA 89883",Y,miles
161,Kara Scott,254-76-4668,"Unit 5247 Box 4222
DPO AP 09482",N,hours
162,Elaine Nelson,549-68-9585,"51264 John Corner
Bradleyport, AR 94086",N,miles
163,James Lane,164-69-4173,"397 Sean Flats Suite 801
East Cynthia, FM 78564",N,miles
164,John Rodriguez,271-22-9252,"485 Megan Fords Suite 418
South Shane, IA 87634",N,hours
165,Chase Rocha,585-94-3305,"4559 Cantu Overpass
West Gabriela, GA 78900",N,miles
166,Terry Larson,447-29-9089,"198 Copeland Fields
Port Katelyn, SC 03907",Y,miles
167,Emily Velasquez,849-51-1370,"576 Thomas Unions
Lake Brandon, MH 85830",Y,hours
168,Michael Moore,450-28-8151,"771 Jessica Loop
North Susanfort, NE 49060",N,miles
169,Brian Hinton,388-01-1995,"04424 Smith Port Suite 704
Port Danielfort, MT 21723",Y,miles
170,Gabriel Ray,187-81-1083,"1098 Rodriguez Springs
South Williamstad, MA 93348",Y,hours
171,William Jackson,601-95-4226,"USCGC Ramos
FPO AE 45954",Y,hours
172,Matthew Taylor,030-98-7576,"31299 Cameron Union
Christianfurt, PW 37875",Y,hours
173,Dustin Perry,536-80-1731,"Unit 7517 Box 4877
DPO AE 37775",N,hours
174,Deborah Moore,543-90-1467,"58371 Jennifer Dam Apt. 277
Lake Michaelberg, NC 79851",Y,miles
175,Gregory Taylor,259-18-4523,"17272 Bruce Grove Apt. 076
Stacytown, WV 30878",Y,hours
176,Christine Thomas,265-44-8932,"26864 Robert Village Apt. 787
North Christopher, MI 02097",N,miles
177,Benjamin Torres,609-77-4118,"264 Krista Viaduct Suite 560
Lake Thomas, AL 75893",Y,miles
178,Raymond Rogers,700-01-1516,"11715 Dennis Flats Apt. 954
Briannafurt, WI 58079",Y,miles
179,Sergio Marshall,606-90-6854,"PSC 3467, Box 2054
APO AE 46847",Y,miles
180,William Parker,865-93-5709,"USNV Conner
FPO AP 93953",Y,miles
181,William Mendoza,780-96-3905,"PSC 2626, Box 4233
APO AP 22189",N,miles
182,Kathryn Miller,389-38-1330,"135 Thomas Ramp Apt. 923
Port Shannon, FM 84631",N,hours
183,Melissa Reyes DDS,661-23-7591,"7897 Henry Drive Suite 391
Jamesside, TN 94870",Y,miles
184,Charles Silva,803-79-4580,"952 Ellis Pine
Thomasmouth, ID 18133",N,miles
185,Amanda Hahn,452-53-6656,"0613 Riddle Falls Apt. 293
North Christine, DE 72626",N,hours
186,Thomas Lee,221-14-2842,"32769 Murphy Ferry Suite 015
Patelfort, AS 50287",N,hours
187,Ray Smith,114-89-3304,"3156 Michaela Mills
Lake Todd, NM 69127",Y,miles
188,Evan Robinson,775-92-3765,"2035 Wyatt Lock Apt. 971
Danielmouth, VT 74502",Y,miles
189,Jose Mitchell,291-32-8337,"039 Philip Forges Suite 664
Shieldston, FM 94663",N,miles
190,Betty Brown MD,802-89-3419,"9181 Matthews Isle Suite 017
Gloriamouth, AL 32514",N,hours
191,Kurt Richards,781-22-1361,"1386 Stacy Islands Apt. 497
East Justinfurt, GU 06904",N,hours
192,Mary Booth DVM,265-60-2987,"15445 Donovan Trafficway Apt. 433
North Jasminechester, KY 68471",Y,miles
193,Cynthia Schneider,039-96-1278,"66366 Johnson Lodge
New David, IN 10595",N,miles
194,Juan Lozano,295-52-4249,"460 Compton Row Suite 116
Michaelbury, KY 72835",Y,miles
195,Jennifer May,808-29-4905,"40632 Wright Cape Apt. 786
New Amy, WI 92942",Y,miles
196,Robert Lane,685-03-8479,"173 Campbell Trace
Taylorside, WV 64267",N,hours
197,Jose Jackson,734-41-9847,"246 Crystal Ways
Laurachester, PW 18415",Y,hours
198,Jennifer Mendoza,761-71-5946,"334 Kyle Place Suite 445
Clarkhaven, CA 45687",N,miles
199,Paula Hale,137-25-3036,"6275 Haney Plains Suite 477
Cunninghamfurt, NJ 86548",Y,hours
200,Pamela Sharp,442-48-5706,"253 Angel Radial Apt. 021
Port Davidfort, RI 06398",Y,hours
201,John Torres,416-44-4788,"37604 Hawkins Mall Suite 400
Tylerland, AZ 18511",N,miles
202,Donna Johnson,176-98-1443,"079 Dale Walk Apt. 495
West Alejandro, ID 13639",Y,miles
203,Jessica Soto,287-05-9331,"0591 Lopez Manor
New Nathanland, MP 46815",N,miles
204,Abigail Andrade,506-14-1931,"05915 Christina Crossroad
Carolburgh, FM 87014",Y,hours
205,Marcus Chen,146-06-9518,"60740 John Turnpike Apt. 641
Burnsberg, DC 75556",Y,miles
206,Jennifer Kane,816-86-5859,"2078 Cathy Spring
Port Gregory, CA 24225",Y,miles
207,Amy Price,293-85-5468,"901 Timothy Pines
East Victor, VT 59603",N,hours
208,Erica Lee,175-91-1822,"873 Joseph Park Apt. 023
Port Jeanette, DC 91813",Y,miles
209,Kelly Rodriguez,004-01-1277,"139 Jenny Drive
Lake Scottshire, MH 29947",N,miles
210,Jeffery Frazier,555-24-7934,"1720 David Mountains Apt. 357
Eugenetown, NH 79912",Y,hours
211,Mrs. Tara Holmes,800-74-3844,"353 Johnson Viaduct
South Gabrielville, SC 18664",N,hours
212,Dakota Hernandez,552-58-8928,"1964 Wayne Springs Suite 412
Moralesborough, NJ 14016",N,hours
213,Heather Villa,774-19-0804,"08960 Park Falls Apt. 408
Carlsonport, OH 02283",Y,hours
214,Roger Ramirez,041-42-0636,"266 Mcdonald Mission
Lopezport, ME 50227",Y,miles
215,Michael Becker,136-91-7579,"399 Fleming Road Suite 976
South Linda, VI 88108",Y,miles
216,Troy Harris,831-11-4343,"7778 Amy Expressway Suite 452
Jamiechester, NC 31250",N,miles
217,Sarah Mcdonald,843-08-6217,"5752 John Plaza
Davisside, MO 24588",Y,miles
218,Trevor Lee,559-06-8323,"41698 Katherine Locks Suite 677
Port Coreychester, MA 89298",Y,hours
219,Jamie Johnson DDS,528-08-5131,"75697 Carmen Locks
Francisburgh, OK 11259",Y,miles
220,Robert Bennett DDS,158-14-0078,"7534 Kevin Dale
West Kathryn, SD 60127",N,miles
221,Amy Garcia,321-90-1451,"061 Jessica Dale
Michaelmouth, MA 84602",N,hours
222,Carol Diaz,313-79-3880,"959 Paige Forge
South Alexander, IN 58358",Y,hours
223,Wendy Martin DDS,034-45-8324,"26684 Stephen Shore Apt. 818
South Michaelside, KS 72268",Y,hours
224,Christine Andersen,450-63-6337,"60815 Frank Glens Apt. 080
Scottmouth, MD 68109",Y,miles
225,Cynthia Hernandez,761-78-0093,"87142 Strong Islands
East Joeltown, LA 42359",Y,miles
226,Hannah Barber,066-72-9763,"79011 Carr Inlet Suite 804
New Kenneth, WA 00573",Y,hours
227,Victoria Knapp,465-86-5892,"71039 Ashley Locks Suite 462
Tranton, CT 46509",N,hours
228,Kimberly Brown,496-28-2442,"08422 Lowe Mall
North Richardberg, SC 45404",Y,hours
229,David Woods,243-21-6422,"0377 Smith Manor Suite 040
Patelburgh, MA 92093",N,miles
230,Donna Aguirre,451-96-9682,"62660 Christina Gateway Suite 068
Port Michelle, HI 76921",N,miles
231,Melissa Graham,644-01-1340,"118 Kimberly Knolls Suite 674
South Jacquelinemouth, CT 10486",N,hours
232,Sheila Jenkins,586-09-0466,"49958 Amy Highway Apt. 454
Melissamouth, RI 16437",N,miles
233,James Jackson,432-79-0998,"194 Curtis Streets
West Cindyshire, VA 65819",N,miles
234,Carolyn Taylor,531-37-3571,"80420 Fox Court
Juliaport, FM 45524",N,miles
235,Melissa Zimmerman,836-83-2757,"0717 Lee Cove
North Jennifer, NM 60777",Y,miles
236,Valerie Velasquez,674-88-6529,"PSC 3132, Box 7281
APO AP 50393",Y,miles
237,Melanie Hernandez,514-42-4305,"6412 Charles Knolls
Douglasberg, CA 60971",Y,miles
238,Matthew Atkins,866-97-8860,"0947 Angela Squares Suite 427
West Erikaville, MN 27832",Y,miles
239,Cathy Atkinson,607-91-6409,"4549 Jose Ford
Wangborough, NH 01285",N,hours
240,Angela Elliott,223-05-1366,"554 Charles Brook Suite 738
Carterhaven, WV 09832",Y,hours
241,Scott Black,152-83-4181,"00715 Carrie Valleys
North Joseph, AR 34898",N,miles
242,Ryan Holder,437-36-7244,"8928 Kimberly Valley
New Brookeshire, MT 11485",Y,miles
243,Susan Lutz,446-81-5069,"419 Michael Plain Apt. 088
Haynesview, NE 73863",N,miles
244,Jacqueline Brown,813-62-5497,"96139 Meza Fields Apt. 668
Lake Danielside, MN 24967",Y,miles
245,Taylor Anderson,640-09-3949,"874 Johnson Island Suite 135
Lewishaven, DE 26022",Y,miles
246,Julia Moore,794-08-9766,"821 Ramsey Squares Suite 821
West Kylieberg, GA 11013",N,miles
247,Michael Watson,878-97-5018,"91143 Willie View
North Shannonside, VI 74471",N,miles
248,Corey Harris,112-97-3270,"785 Garcia Springs
North Tamaraport, OR 45662",N,hours
249,Carlos Johnson,155-91-9537,"496 Marcus Mountains
Rogerberg, IL 52774",Y,hours
250,Jill Lowery,894-76-9439,"Unit 9352 Box 5431
DPO AA 64938",Y,miles
251,Jacqueline White,277-55-2164,"733 Bailey Prairie
Larsonstad, NC 27344",N,miles
252,Christopher Moore,055-78-9634,"1115 Fuller Trail
Courtneyton, HI 28859",N,miles
253,Jennifer Perez,774-33-7171,"USNS Garcia
FPO AA 12363",N,hours
254,Dylan Potts,367-35-7424,"7690 Smith Course
Youngville, WA 49512",N,hours
255,Amanda Johnson,018-66-4118,"9880 Joe Shoals
Kimberlystad, MH 71681",Y,hours
256,Peter Holt,680-53-6001,"9210 Bartlett Crescent
North Robinshire, AS 63403",N,miles
257,Jordan Barnes,334-13-1350,"95562 Gary Common
Elizabethport, TX 23469",Y,hours
258,Elizabeth Shaw,454-84-8764,"70486 Kathryn Forest
Taylormouth, MN 06909",N,miles
259,Cheryl Ferguson,032-49-9999,"4404 May Garden Suite 675
Nicholeborough, OR 93083",Y,hours
260,Daniel Jones,130-19-2973,"39762 Mitchell Parks
Taylorville, AK 06698",N,hours
261,Jeremiah Bailey,074-94-4858,"99807 Ronald Prairie Apt. 776
Elizabethview, NH 44371",Y,hours
262,Cody Goodman,172-62-9212,"63748 Gutierrez Alley
Port Tinamouth, WY 75398",N,hours
263,William Walters,249-46-2723,"3306 Harris Crescent Suite 507
West Michael, SC 97910",N,hours
264,Carmen Nguyen,618-08-6104,"20099 Megan Lakes Suite 037
Prestonfurt, DE 65274",N,miles
265,Margaret Sanchez,229-21-4204,"54351 Kimberly Village
Hamptonfurt, TX 34764",N,miles
266,Michael Juarez,137-89-0489,"716 Orozco Shore
Petersenport, OR 38857",Y,hours
267,Amanda Huerta,773-70-4602,"524 Rios Common Apt. 705
South Julie, NJ 98562",N,miles
268,Diana Kim,283-43-9256,"19700 Brian Expressway
Julieland, SD 53987",Y,hours
269,Jack Little,177-30-0731,"38619 Haney Trail Apt. 057
West Amanda, CA 01920",N,miles
270,Herbert Reed,012-15-1707,"4937 Anderson Locks Suite 901
Jacobsstad, NV 77588",Y,miles
271,Robert Holt,686-61-1163,"49340 Nguyen Mountains Apt. 781
Port Glennchester, GA 08933",N,miles
272,Jeff Rodriguez,898-40-6896,"35670 Thomas Run Apt. 983
South Michelle, CT 31823",Y,miles
273,Jeremy Ortiz,585-01-3441,"Unit 7929 Box 9092
DPO AA 87790",N,hours
274,Emily Santos,008-78-5442,"32235 John Shore
Matthewsfurt, PW 43381",N,miles
275,Jonathan Roberts,581-44-9776,"USNV Gardner
FPO AA 38630",N,hours
276,Brian Adams,728-32-9217,"6599 Jared Turnpike Suite 110
West Eric, MO 94808",N,hours
277,April Keller,640-70-8465,"64032 Joseph Vista Apt. 254
North Kevinborough, AS 40740",N,miles
278,Tiffany Phillips,425-79-3673,"1045 Scott Wells
North Nicolechester, CO 07026",N,miles
279,Scott Miller,033-02-0045,"81634 Cannon Pike Suite 073
Travishaven, DC 23304",Y,miles
280,Juan Jimenez,491-62-7452,"6038 Rasmussen Throughway Apt. 692
South Tylerview, GA 60271",N,hours
281,Michelle Tran,720-82-5385,"329 Bryan Plains
Lake Karastad, WI 45789",N,miles
282,Jason Byrd,346-28-1188,"USS Jackson
FPO AP 61615",Y,miles
283,Katherine Acosta,289-86-1161,"USCGC Lopez
FPO AE 00678",Y,miles
284,Steven Jones,537-18-6519,"416 Hodge Light
Catherineville, OR 96496",N,hours
285,James Johnson,726-36-0116,"62397 Stone Skyway
Lopezton, MO 29642",N,hours
286,Brent Hampton,041-37-0743,"311 Taylor Tunnel Apt. 695
South Robertview, DE 48800",N,miles
287,Melissa Nichols,736-68-4957,"132 Scott Rapids Apt. 483
New Travis, OR 85872",Y,hours
288,Nicholas Miller,414-56-4362,"18302 Palmer Island
Lawrencestad, MN 81075",N,hours
289,Jacqueline Clark MD,569-98-6536,"86545 Mathews Plaza
East Erin, MT 66124",Y,hours
290,James Macdonald,559-85-4208,"3858 Morgan Row
Port Jameshaven, MA 86537",N,miles
291,Kevin Peterson,611-77-0924,"891 Stanley Turnpike Apt. 801
East Jenniferborough, NJ 18231",N,hours
292,Paul Castillo,641-31-6621,"75091 Jill Brooks Suite 684
Clarkton, MT 20679",Y,miles
293,Justin Bentley,476-68-2548,"0383 Kelley Ports
Jenniferfurt, ME 75470",N,miles
294,Samuel Brooks,784-98-0387,"23512 Davis Alley
Port Lisa, NY 30092",N,hours
295,Cynthia Stephens,719-77-9013,"0072 Matthew Avenue
East Thomas, DC 09072",Y,hours
296,Melissa Tapia,024-20-0466,"98283 Wilson Flat Suite 797
Frederickchester, IL 79700",Y,hours
297,Aaron Jones,482-84-6107,"81671 Long Mill Apt. 519
North Kevin, CA 08775",N,hours
298,Dr. Alexandra Sanchez,706-37-9777,"7214 Craig Stream
New Shannonhaven, AR 87553",Y,hours
299,Kelsey Franklin,382-39-4134,"61233 Brian Island
Bennettfort, HI 23691",Y,miles
300,Randy Fisher,112-37-6611,"38676 Mark Summit Apt. 331
South Theresa, LA 02568",Y,hours
301,Brandy Berg MD,730-88-1889,"495 Jorge Green
West Danahaven, VT 94454",N,miles
302,Kevin Ritter,191-47-4528,"326 Smith Spring
Nicoleburgh, NE 48732",N,miles
303,Victor Moore,229-26-6780,"6573 Garcia Garden
North Amandaview, FM 49638",N,hours
304,Michael Willis,659-62-1256,"077 Pope Forest
Cassandrashire, NM 81631",Y,hours
305,Elizabeth Owens,683-98-1521,"1897 Bradley Hollow Apt. 736
Patrickfort, SC 41338",Y,miles
306,Cheryl Hurst,131-52-6818,"Unit 8597 Box 8217
DPO AA 87328",Y,miles
307,Christopher Elliott,376-38-6327,"05607 Burton Well
Bryanland, WV 67590",N,miles
308,Joshua Newman,332-01-7966,"PSC 7766, Box 5897
APO AP 70463",N,miles
309,Julie Weaver,123-62-4052,"45603 Mccormick River Apt. 262
North Jennifertown, AS 72349",Y,hours
310,Erin Baker,505-89-1206,"PSC 4820, Box 1563
APO AA 55640",N,miles
311,Alex Day,594-06-6998,"46616 Hall Green
Scottburgh, FL 92848",Y,hours
312,Shannon Smith,768-50-3744,"5217 King Radial Suite 378
Lake Thomas, LA 58586",Y,miles
313,Erik Hamilton,003-34-5634,"210 Sims Highway
Evansshire, OH 66353",N,miles
314,Steve Walsh,838-51-0388,"1341 Cardenas Plaza
Williammouth, NY 80696",Y,miles
315,Lynn Martin,583-72-3052,"75924 Hayden Radial Suite 306
Lake David, SC 79210",Y,hours
316,Margaret Cook,848-04-1616,"826 Parrish Heights Apt. 471
West Jennifer, IN 18334",Y,miles
317,Katherine Huang,896-09-8132,"31129 Kirby Keys
New Ericshire, AL 15205",N,hours
318,Diane Henderson,153-72-0195,"7865 Thomas Forges
Thomasland, ND 42892",N,hours
319,Angela Brewer DVM,308-27-4941,"USNS Michael
FPO AE 86577",Y,hours
320,Sharon Goodwin,152-55-3409,"600 Hall Route Apt. 475
Josephburgh, MT 97885",Y,hours
321,Maria Smith,144-25-2615,"PSC 2375, Box 5339
APO AA 77640",Y,hours
322,Miranda Gould,609-12-2061,"70345 Mark Island
East Debra, WA 94902",Y,hours
323,Scott Johnson,593-16-8749,"88828 David Ports
West Jenniferchester, NM 58473",N,miles
324,Eugene Cooper,081-89-5248,"694 Anthony Knoll
North Susanfort, NY 31192",Y,hours
325,Cindy Robinson,566-97-9875,"073 Jones Mountains Apt. 098
West Edwardville, WY 17554",Y,miles
326,Michael Powell,662-36-5540,"90479 Teresa Port
East Williamview, CT 90688",Y,miles
327,Gregory Gonzalez,120-49-1747,"8855 Williams Island Suite 365
Sethville, TX 26997",Y,hours
328,Karen Young,753-10-1783,"72620 Webster Causeway
West Pennymouth, KY 16421",Y,hours
329,Eugene Jordan,725-53-4216,"USNS Beck
FPO AP 90165",N,miles
330,David Hunt II,415-68-4750,"02286 David Manors
Cameronberg, CO 95863",N,hours
331,Stephen Wheeler,246-45-5362,"062 Gross Hollow
Ruizchester, PW 37603",N,hours
332,Jennifer Mason,208-44-2491,"PSC 4404, Box 8234
APO AA 02178",Y,miles
333,Michael Reynolds,608-71-6537,"12944 Garcia Falls Suite 292
Craneburgh, VI 24524",Y,miles
334,Timothy Reynolds,507-37-6420,"42071 Aaron Rapids Suite 619
West Theresa, MS 43872",N,hours
335,Jesse Hanson,068-26-8273,"050 Zhang Stream Suite 882
Guerrerostad, MH 62191",Y,hours
336,Jeremy Diaz,318-68-9258,"9244 Laura Streets
Lake Antonio, MO 20686",N,miles
337,Jason Beck,620-04-7751,"Unit 8400 Box 7208
DPO AP 56054",Y,miles
338,Elizabeth Wilson,131-24-5285,"17709 Charles Alley Suite 390
East Joshuaton, MN 82077",Y,hours
339,Melissa Sanchez,287-76-8529,"0518 Ward Burgs
Santosstad, TN 24434",Y,miles
340,Paul Robbins,694-38-5100,"22200 Carlos Wells
Hendersonview, IN 63760",Y,miles
341,Christopher Perkins,454-66-5412,"390 Curtis Drive
South Dylan, WA 85697",Y,hours
342,Scott Lee,595-91-5942,"63154 Davidson Ridge
New Garyfurt, PR 47374",Y,hours
343,Sandra Cruz,786-01-9152,"767 Thompson Mountains
Deborahburgh, NJ 92715",N,miles
344,Gregory Stokes,125-14-7802,"237 Wilson Knolls Suite 412
Sanchezfort, WV 09039",Y,hours
345,Kaitlyn Rose,049-69-1480,"60934 Gina Crossing Apt. 990
Thomasberg, NH 50892",N,miles
346,Alexa Bright,256-14-9825,"USCGC Diaz
FPO AP 40991",N,hours
347,Tanya Perkins,549-40-8401,"0047 Turner Harbors
New Sean, OR 69878",Y,miles
348,Makayla Barry,554-86-8594,"777 Kimberly Key Suite 681
Kathleenmouth, MP 45867",N,hours
349,Jamie Pacheco,638-01-2926,"8725 Bonnie Roads
Lake Jeffrey, PW 23666",Y,hours
350,Diane Reynolds,324-87-9071,"09112 Robert Loaf
Arthurborough, ME 81246",Y,miles
351,Ryan Johnson,879-20-0905,"167 Laura Village
West Josephfurt, CT 47241",N,hours
352,Caitlin Harris,063-82-8177,"8868 Patterson Roads
Roseside, AL 89359",Y,miles
353,Deanna Berry MD,667-90-6662,"USCGC Ray
FPO AE 90172",Y,miles
354,Nancy Welch,086-53-5670,"7188 Buck Well Suite 076
Jennaburgh, NE 99580",N,miles
355,Debbie Jennings,781-90-7731,"66879 Morgan Bypass
Port Sarahstad, VA 01483",Y,hours
356,Miranda Miller,683-16-2984,"899 Murray Stream Apt. 572
South Kevin, NH 68623",Y,miles
357,William Cuevas,123-35-3163,"PSC 9539, Box 7538
APO AP 95803",N,hours
358,Sabrina Armstrong,745-89-0678,"USNS Mitchell
FPO AE 10510",Y,miles
359,Maria Morgan,713-07-4291,"544 Anthony Bridge Suite 705
Bakermouth, ID 37066",Y,miles
360,Christine Fox,784-77-4277,"95326 Nathan Glens
East Jonathanville, NE 75242",Y,miles
361,Aaron Wells,582-18-2682,"44042 Duran Run
Jodyshire, OR 68285",N,miles
362,Michael Johnson,147-23-1527,"966 Boyle Mountains
South Erica, VA 62318",Y,miles
363,Christine Jones,765-91-6924,"50240 Holly Knoll Suite 901
South Rick, NV 08145",N,miles
364,Crystal Freeman,300-80-1988,"2320 Christopher Summit Apt. 615
New Justin, SC 01142",N,hours
365,Jeffery Franco,432-57-1768,"07582 Austin Stream Apt. 125
Port Jacquelineshire, VI 35921",Y,hours
366,Bryan Jones,713-60-3600,"0035 Baker Radial Apt. 041
Ericshire, DE 51646",Y,hours
367,Teresa Carey,363-41-7214,"73839 Sharon Cliff Suite 803
Jaredfurt, PW 92486",Y,miles
368,Matthew Ward,397-64-8455,"USNV Smith
FPO AA 36384",N,hours
369,Nicole Walker,549-76-1408,"10677 Lorraine Grove Suite 998
West Carolynville, IA 27488",N,miles
370,Nicole Todd,323-63-6776,"PSC 8306, Box 5799
APO AE 60695",Y,miles
371,Amy Johnson,871-21-5171,"17544 Steven Turnpike
Port Sonya, SC 00827",N,miles
372,Kristina Evans,572-28-2467,"492 Cardenas Vista
Sandersview, VT 55948",N,hours
373,Jennifer Grant,488-06-0973,"0522 Maurice Common Apt. 136
Collinview, VI 76519",Y,miles
374,Teresa Davis,821-65-2263,"007 Alexander Trafficway Suite 870
Christophershire, KY 04682",Y,hours
375,Kevin Cisneros,385-67-9997,"595 Kenneth Ports
East Marystad, NJ 19377",N,miles
376,Terrance Stark,284-81-0895,"80378 Gina Park Apt. 728
Josephport, VA 96961",N,hours
377,Steven Moore,700-13-6323,"5363 Lorraine Street Suite 740
Riveraberg, MO 34114",N,miles
378,Mary Sellers,452-63-2277,"14411 Robin Unions
Sethview, TX 18926",Y,hours
379,Melissa Porter,650-72-3149,"435 Kendra Vista Apt. 255
Port Michael, LA 22593",Y,hours
380,Juan Cortez,487-65-7379,"445 Alicia Drive
North Thomas, PW 23004",N,hours
381,Joseph Nelson,615-46-8006,"972 Jacob Keys Apt. 599
Brennantown, LA 12314",Y,hours
382,Hannah Morris,360-77-8112,"6727 Jacobs Route
Jennaview, MD 73677",N,hours
383,William Padilla,179-06-6162,"1697 Robles Corner Apt. 411
Amandaside, AZ 71540",Y,hours
384,Sabrina Fisher,069-40-7835,"3592 Mary Dam
Calebtown, DE 36750",N,miles
385,Charles Williams,441-27-8340,"22301 Pineda Stream
South Brandonshire, NJ 21403",Y,hours
386,Brittany Glass,013-46-2478,"91492 Rose Pine Suite 419
Washingtonside, DC 25600",Y,miles
387,Cody Barr,293-38-2051,"79842 Cody Island Suite 008
East Jamesbury, ND 35777",Y,miles
388,James Krause,024-85-4182,"5266 Michael Pine Apt. 965
Anthonyborough, FL 84932",N,hours
389,Joseph Fox,259-42-2897,"Unit 2407 Box 7834
DPO AE 24049",Y,hours
390,Sydney Stevens,409-67-6708,"USS Reeves
FPO AP 48242",N,miles
391,David Cuevas,747-38-1098,"127 Roberts Valley Apt. 224
Port Melissa, NY 72749",Y,hours
392,Toni Roberts,146-11-9654,"195 Andrea Port Apt. 989
Michaelland, MD 37079",Y,miles
393,Edwin Smith DDS,836-91-0924,"060 Sarah Corner
Khanbury, GU 40100",Y,hours
394,Melissa Adams,187-90-1912,"39964 Murphy Park Suite 344
West Sophia, TN 76016",Y,hours
395,Cynthia Garcia,512-24-1484,"807 House Falls
Lake Michael, GA 39396",N,miles
396,Fernando Hobbs,099-39-0928,"1679 Frank Mount Apt. 798
East Cathyberg, HI 27828",Y,miles
397,Robert Johnson,842-21-8502,"670 Bradley Brook
Port Davidchester, DC 02022",Y,hours
398,Johnny Martin,371-77-1243,"9742 Rice Union
Sarahside, PR 68562",N,hours
399,Dana Berg,251-13-2736,"8358 William Path Suite 814
West Charles, WY 03482",Y,hours
400,Kristi Davis,419-85-8017,"188 Moore Meadows
Charlesfurt, MP 57781",Y,hours
401,Barbara Potter,626-23-5186,"9152 Travis Pines Suite 112
Rasmussenfort, NJ 24488",N,hours
402,Jessica Chandler,005-19-4152,"5459 Ruiz Mountain
South Jason, IN 71263",N,hours
403,Mary Blake,250-96-0817,"8550 Richard Hill Apt. 074
West Johnville, MH 73902",Y,miles
404,Timothy Vance,171-85-1323,"97021 Lori Via
Woodtown, ND 19528",N,hours
405,Michael Robertson,398-27-5920,"885 Robert Dale Apt. 811
North Ashley, NH 57632",Y,miles
406,Kelly Lin,656-45-2543,"14114 Smith Corners Suite 420
West Lawrence, TN 03710",Y,hours
407,Mr. Lucas Salas,438-80-1666,"4285 Herring Junctions
West Phillip, MI 39421",Y,miles
408,Kathy Thompson,197-89-1816,"803 Michael Ramp Suite 078
Port Lisaborough, MS 39825",N,hours
409,John Warner,344-33-5421,"46048 George Lakes Apt. 040
Rojaschester, SC 89521",N,hours
410,Dawn Williams,707-42-6618,"2424 Turner Creek
Kimfurt, HI 31706",N,hours
411,Cathy Ryan,703-59-9021,"394 Davidson Club
Stevenbury, NH 73761",N,miles
412,Jared Lewis,466-22-9758,"564 Thompson Meadow
New Ronald, MT 83456",Y,hours
413,Sophia Anderson,187-70-6766,"557 Valerie Extensions
Gabrielletown, WV 89227",N,miles
414,Michael Knox,089-23-0071,"923 Bartlett Summit
Marcusside, MT 86542",N,miles
415,Paul Martin,094-42-4397,"437 Heather Isle
New Stevenborough, HI 39569",Y,miles
416,Alice Carey,549-33-9475,"13978 Hall Path Suite 152
West Julieville, KS 96690",Y,hours
417,Richard Blair,490-61-9645,"8144 Davis Haven Suite 312
Brandonbury, DC 15295",Y,miles
418,Nicholas Rodriguez,112-80-0946,"3221 Edward Road
Michaelton, NJ 51459",N,miles
419,Kayla Brewer,266-32-2956,"45260 Archer Fall Apt. 449
Port Deborah, SD 84359",Y,hours
420,Jessica Glover,765-70-9873,"7670 Sandra Mission Suite 274
Lake Angela, NV 36433",N,hours
421,David Thompson,597-42-9300,"289 Steven Tunnel
West Amber, ID 54773",N,hours
422,Chelsey Harrison,583-77-6847,"1942 Smith Groves
South Karinatown, NJ 01151",N,hours
423,David Green,864-33-3023,"973 Sanders Neck
Palmerstad, OR 15220",N,miles
424,Chad Lucero,539-63-5613,"2507 Mitchell Islands Suite 000
Lake Christinamouth, AL 01982",Y,hours
425,Beth Page,093-59-3861,"01076 Julie Vista
East Randallborough, NH 41964",N,miles
426,Dana Rodriguez,732-11-2549,"74174 Crane Heights
West Markville, VA 48003",N,hours
427,Kevin Riley,615-20-6661,"28419 Jennifer Harbors
West Stephanieside, PW 79279",Y,hours
428,Courtney Stevens,398-05-9989,"0045 Roberto Shoal Apt. 864
Thomasshire, KS 52466",N,hours
429,James Flores,476-49-9337,"1566 Dunlap Street Apt. 209
Thomasmouth, GA 76043",Y,hours
430,Brenda Higgins,650-64-6058,"472 Kenneth Ridges
Port Brianmouth, CA 89907",N,hours
431,Carl Kirby,218-49-4417,"97455 Ronald Roads
Mcguireville, AZ 70849",N,miles
432,Wendy Reyes,575-36-0976,"833 Christy Walks
South Sharon, IL 71479",Y,hours
433,Bruce Brown,199-19-4004,"021 Henderson Ramp Suite 022
Gregoryborough, CO 23787",Y,miles
434,Theresa Richards,292-64-4116,"6551 Diana Trail Suite 014
New Jontown, AS 54035",Y,miles
435,Jonathan Mcdonald,262-33-9400,"875 Lawrence Union
Smithton, MI 31104",N,hours
436,Jennifer Leonard,881-30-6346,"3494 Goodman Fall Apt. 117
North Lawrence, IA 54082",Y,hours
437,Christopher Jimenez,523-89-1023,"77341 Evans Drive Suite 028
New Alec, MN 06911",N,hours
438,Mitchell Adams,245-13-0155,"948 Brown Plains
Ashleytown, WI 43252",N,hours
439,Peter Wilson,117-76-2472,"54097 Austin Corners
Fowlerberg, GA 80805",Y,miles
440,Cathy Garrett,699-17-7974,"959 Farmer Center Apt. 768
West Susanland, PA 68717",Y,hours
441,Manuel Cooper,533-97-2483,"6281 Allen Branch Apt. 470
Bethberg, IL 88482",N,miles
442,Lisa Jones,306-06-1452,"Unit 0522 Box 4607
DPO AE 24889",N,miles
443,Thomas James,552-87-2459,"3965 Timothy Trail
Woodville, MN 13202",Y,miles
444,Christopher Baker,449-76-2300,"PSC 2715, Box 5961
APO AE 83899",Y,hours
445,Katelyn Cox,251-54-1001,"65642 Parsons Squares Suite 465
Heatherland, VA 09651",N,hours
446,Melanie Curry,686-75-9765,"1568 Hess Trace Apt. 783
Barrerastad, OK 55161",Y,miles
447,Brent Schneider Jr.,705-60-6669,"832 Adam Fields
Lake Stanley, RI 12874",Y,miles
448,Cody Rose,070-16-2509,"PSC 8171, Box 1314
APO AP 85127",Y,hours
449,Robin Obrien,270-13-0656,"012 Jeffrey Mount Apt. 050
Loriland, ND 28525",Y,miles
450,Leonard Sherman,233-43-9241,"PSC 4811, Box 2644
APO AA 10320",Y,miles
451,Felicia Trujillo,100-09-5308,"7220 Burke Forge Apt. 760
Gabriellamouth, GA 82246",Y,hours
452,Judith Petty,136-84-5135,"322 Tiffany Mews
Biancabury, DE 74425",Y,hours
453,Robin Williams,467-41-5653,"084 Michelle Centers Apt. 704
West Victor, PA 75305",N,miles
454,Heather George,337-53-0729,"Unit 4071 Box 9659
DPO AA 84149",N,miles
455,Christine Castillo,897-18-5355,"88719 Rachel Ferry Apt. 333
North Ann, NC 40385",N,hours
456,Bobby Graham,289-16-6709,"35982 Romero Ways
West Jennifertown, CO 74328",N,hours
457,Keith Perez,002-41-8481,"10686 Katherine Roads
Anthonyhaven, CO 99889",Y,miles
458,Mr. Michael Carter,514-90-5575,"34950 Amanda Crescent Suite 406
East Christopherland, CO 57548",Y,hours
459,Alexander Graves,847-27-6985,"539 Robert Dale Apt. 541
South Jerryfort, LA 80797",Y,hours
460,Sara Goodman,419-91-2357,"5597 Aaron Junctions
Stevestad, DC 60050",Y,hours
461,Jessica Harris,395-11-4559,"Unit 5646 Box 1994
DPO AE 94947",Y,hours
462,Megan Miller,383-19-4199,"882 Sanchez Summit
Rodgersside, WY 99369",Y,miles
463,Erica Bradley,826-83-9752,"30773 Hodge Rest
South Laura, HI 70328",N,miles
464,Katrina Morris,427-05-5249,"431 Scott Greens Suite 997
Jessechester, WI 59610",Y,hours
465,Brian Lee,154-94-4984,"41623 David Extensions Apt. 204
Ewinghaven, OH 99214",Y,hours
466,Stephanie Patterson,167-24-8356,"25937 Harris Harbors
Christopherchester, AS 68647",N,hours
467,Fernando Wright,552-52-7496,"26386 Richard Ferry
Port Veronica, KS 32704",Y,miles
468,David Garrett,758-58-3376,"Unit 0002 Box 6620
DPO AA 71076",N,miles
469,Matthew Schneider,112-77-5480,"49044 Barbara Loaf Suite 056
West Calvinburgh, ND 88673",Y,miles
470,Meghan Johnson,587-69-7827,"5120 Tonya Meadows
Staffordborough, VT 50357",Y,miles
471,David Burnett,356-40-8503,"953 Martinez Port
North Jason, IA 63189",N,hours
472,Autumn Werner,507-89-9155,"11945 Luis Key
South Amyshire, NM 90735",N,hours
473,William Thomas,218-06-7710,"USNV Pierce
FPO AP 72134",Y,hours
474,Gary Smith,069-93-2418,"PSC 1541, Box 5584
APO AA 38512",N,miles
475,Matthew Garcia,800-65-3098,"3788 Mary Run Apt. 771
Lake Russellhaven, SD 42702",Y,hours
476,Anthony Hood,770-24-5132,"85505 Charles Light Apt. 591
Port Donna, PW 77995",N,miles
477,Morgan Sloan,303-83-2724,"PSC 7721, Box 1038
APO AE 76691",Y,hours
478,Samantha Perry,893-60-1668,"127 Rodney Tunnel Apt. 744
Gonzalezton, OR 93284",N,miles
479,Zachary French,237-07-2451,"173 Lisa Port
East Jonathan, NY 55228",N,miles
480,Donna Stephenson,594-28-2388,"66923 Jeremy Port Apt. 407
North Stacey, KS 07560",N,hours
481,James Davis,403-29-5485,"9607 Reilly Flat Suite 173
Youngstad, AS 58691",Y,hours
482,Patrick Goodman,797-94-6182,"91231 Kathy Plaza Apt. 142
Waltonside, NE 65872",Y,miles
483,Amy Moore,515-63-6233,"Unit 7490 Box 9178
DPO AE 42701",Y,hours
484,Amy Mercer,575-20-2774,"493 Peterson Light
Lake Chelseatown, OK 36573",N,hours
485,Cody White,882-13-0135,"USNV Jackson
FPO AE 66633",N,miles
486,John Arnold,025-31-3665,"45748 Valencia Dale
Jamesview, AR 22728",Y,miles
487,Daniel Duran,891-36-5463,"883 Barnett Track
Thompsonborough, CO 42462",N,miles
488,Marcus Ryan,574-33-8057,"55193 Martinez Island Suite 516
East Gordonbury, GA 24438",Y,hours
489,Phillip Herrera,134-50-0053,"748 Pratt Harbors Suite 724
Lake Allen, CA 78044",Y,miles
490,Deborah Medina,627-55-4649,"330 Murphy Locks Suite 607
Sheilaborough, AR 76403",Y,hours
491,Wendy Steele,860-76-1884,"26476 Wanda Tunnel Apt. 185
Smithville, NY 22183",Y,miles
492,Meghan Wood,150-53-3938,"3767 Avila Junction
South Kellie, AR 84990",N,miles
493,Ryan Hill,775-01-4856,"621 Jessica Court Apt. 007
Stephanietown, MA 13134",N,hours
494,Kayla Austin,305-55-6108,"915 Brenda Stream Suite 064
Dominguezside, IA 65515",N,hours
495,Dana Simpson,106-55-5968,"4311 Dennis Circles Suite 564
Mollyhaven, FL 00946",N,miles
496,James Bradley,063-27-2768,"9596 Stokes Pike Apt. 314
Christinashire, IN 50682",Y,hours
497,Luis Pacheco,316-98-5922,"2800 Kathryn Motorway
Port Paula, AZ 69210",N,miles
498,Parker Wilson,081-96-2858,"395 Kathleen Dam Apt. 773
North Raymond, TN 12004",N,miles
499,Corey Smith,283-52-2277,"464 Hess Trace Apt. 740
Vasquezfort, MI 04479",N,miles
500,Kristin Woods,422-63-1510,"470 Zimmerman Way Suite 024
West Beverly, CO 69355",N,hours
501,Jeffrey Fields,659-89-8780,"97415 Marshall Knoll
Lake Michealport, FM 85077",Y,hours
502,Bradley Kim,259-23-7361,"24582 Morris Stravenue Suite 852
Trevinoberg, SC 60984",N,miles
503,Peter Sweeney,401-59-5983,"0959 Cynthia Mission Apt. 727
Smithbury, NM 51485",Y,hours
504,Brent Lopez,284-70-8993,"USNS Burke
FPO AE 17467",N,miles
505,Henry Murphy,478-93-3572,"2275 Laura Forges
South Nicholas, AR 51531",Y,hours
506,Matthew Raymond,708-56-6071,"504 Eric Crossroad Suite 646
West David, KS 61529",N,hours
507,John Williams,234-58-8234,"7698 Johnson Vista Apt. 329
Clarktown, KS 88764",N,miles
508,Michael Martin,213-93-0328,"7202 Leslie Spur
Webbborough, TN 36535",Y,miles
509,Timothy Sanders,668-01-9681,"70293 Page Inlet Apt. 307
Alexanderport, OH 38779",N,hours
510,Charlene Rojas,159-46-0836,"00979 Christopher Flats Apt. 379
Port Lydia, NC 78609",Y,hours
511,Rhonda Peterson,448-87-5683,"47283 Julie Circle
Torreschester, VT 28884",N,hours
512,Shawn Fields,715-78-9902,"9505 Jimmy Stravenue
Port Timothy, AL 25185",Y,miles
513,Amanda Martinez,134-78-6440,"26314 Christina Knoll Suite 648
Kelseyfort, WV 26747",N,miles
514,Shelby Carr,894-48-9830,"826 Brown Avenue Apt. 224
Mariabury, CO 13420",N,hours
515,Dave Williams,023-08-4711,"25438 Bean Camp
Gilbertville, TN 04363",Y,miles
516,Jacqueline Cole,893-79-6396,"Unit 2523 Box 1934
DPO AE 58093",Y,hours
517,Ian Kennedy,193-93-7475,"6901 Katelyn Mountain
West Kathryntown, WI 89447",N,hours
518,Anna Duffy,443-52-5522,"4241 Chung Route Apt. 818
Richardland, MI 80896",Y,miles
519,William White,696-47-6731,"91798 Rachel Ramp
Michaelland, SD 56113",Y,miles
520,Joyce Davis,487-54-9124,"76652 Walton Path
Lake Lisa, ME 32468",N,miles
521,John Davidson,581-63-1610,"508 Dustin Fords Apt. 815
Lake Lance, WA 98285",Y,hours
522,Danielle Turner,791-32-2802,"4114 Smith Harbors Apt. 959
West Anthony, MT 09771",N,miles
523,Rebecca Sparks,159-61-4870,"18546 Samuel Isle
Chadview, MA 83864",N,miles
524,Tiffany Hardin,178-31-5224,"24738 Brianna Trafficway Suite 090
Lake Steven, CA 26798",N,miles
525,Jennifer Moran,037-49-1662,"10067 Christopher Islands Apt. 013
North Joshuahaven, DE 08578",N,hours
526,Brandon Bell,111-38-0946,"331 Nixon Mountains Suite 591
Port Miguel, FL 34378",Y,miles
527,Scott Hickman,157-84-3162,"7926 Adam Route Suite 486
Smithborough, IA 77303",N,miles
528,Ryan Braun,167-57-8836,"3471 Rodriguez View Suite 374
East Carlos, HI 31969",N,miles
529,Kaitlin Russell,328-70-7675,"3567 Phelps Forge Apt. 208
Vickieside, MA 09850",Y,miles
530,Jonathan Mays,160-67-4277,"442 Katie Gardens Suite 345
Steeleside, SD 45740",N,miles
531,Tristan Taylor,254-34-8964,"8014 Graham Dale
Lake Heatherfort, CA 06673",N,miles
532,Cathy Fuentes,002-16-0594,"090 Thompson Union Apt. 378
Gibsonside, UT 97123",Y,hours
533,Patricia May,877-70-4070,"181 Kyle Fort
Andrewview, MS 51252",N,miles
534,Jeffrey Thomas,030-13-9766,"229 Calderon Walks Suite 281
Johnton, OH 67797",N,miles
535,Juan Ruiz,548-91-1964,"4491 Harold Spur Suite 319
Royhaven, GA 13394",N,miles
536,Anna Woodard,577-03-1133,"0868 Lester Roads
West Jaredton, WA 57232",N,hours
537,Paul Shah,418-30-2149,"74422 Jessica Port Apt. 074
East Ericton, OK 36188",N,miles
538,Paula Arnold,285-13-3798,"196 Cynthia Isle Apt. 769
Terryland, SD 93075",N,hours
539,Paula Wagner MD,034-54-4544,"98882 Antonio River Suite 678
South Annette, NC 24439",Y,hours
540,Amanda Valdez,715-34-6657,"662 Mitchell Center Apt. 688
Ochoafurt, ME 95323",Y,hours
541,Lisa Johnson,673-35-4426,"3472 Smith Course Suite 145
Lake Christopherborough, MI 46855",N,hours
542,Derek Castro,224-85-9669,"77772 Obrien Mission
Hillville, TN 13840",N,miles
543,Joshua Harris,391-53-8247,"9507 Patty Way Apt. 554
North Michelle, NY 49164",N,miles
544,Debra Jackson,811-75-0329,"04499 Bryan Underpass
Snydershire, AR 65423",Y,hours
545,Kari Tucker,390-90-0407,"3651 Garcia Manor
Port Coreymouth, ID 16489",N,hours
546,Sharon Kelley,570-16-6871,"733 Katelyn Stravenue Suite 614
Port Blake, ND 89063",Y,hours
547,Scott Martin,653-82-9002,"363 Haley Burg Apt. 558
Sullivanmouth, OK 19204",N,miles
548,Taylor Delgado,853-59-4061,"08714 Conley Rest Apt. 683
Taylorbury, MA 38173",N,miles
549,Mrs. Courtney Daniels,817-89-2691,"Unit 4643 Box 0870
DPO AP 39087",N,hours
550,John Pratt MD,036-05-0044,"213 Christina Estates Suite 538
Tinaton, FL 01111",Y,hours
551,Martin Dixon,812-17-3192,"088 Russell Ports
Hamiltonfurt, VT 22968",Y,miles
552,Steven Smith,087-77-1556,"103 West Curve
Lake Stephaniechester, MD 19347",N,hours
553,Dakota Washington,876-80-1920,"756 Jackson Dale
New Ryan, DE 02878",Y,miles
554,Ronald Owens,023-49-5234,"269 Scott Brook Suite 167
Leeberg, CO 82074",N,hours
555,Russell Phillips,805-54-3037,"306 Rhodes Harbor Apt. 030
West Cristina, TN 73296",Y,miles
556,Ashley Fields,856-26-0591,"72769 Baker Junctions Suite 148
East Garrett, MH 85913",Y,miles
557,Daniel Wells PhD,861-93-7277,"04032 Anthony Mission
Devinfort, VI 93697",N,miles
558,Ruben Roman,762-78-1702,"485 Christopher Drive Suite 575
Lake Jamesstad, IN 62946",Y,hours
559,Daniel Johnson,194-94-0129,"9036 Grace Brooks
Denisebury, FM 16384",Y,hours
560,Robin Williams,072-34-1896,"84419 Michael Lodge Suite 278
East Karenmouth, PA 58784",Y,miles
561,Jason Hoffman,703-87-7997,"9176 Wu Village Suite 010
Dennisville, OH 10851",Y,miles
562,Brian Montgomery,854-27-8382,"149 Brandt Garden Apt. 712
New Rachelborough, MP 89194",N,hours
563,Mark Lara,347-45-2332,"28377 Barton Loaf Apt. 624
Port Vincenthaven, VA 51679",Y,hours
564,Robert Williams,829-96-6155,"150 Samantha Spurs
New Steven, HI 92233",N,miles
565,Michael Jones,225-46-8297,"9232 Shelton Overpass Apt. 804
Port Christopher, MD 88129",Y,miles
566,Miss Marie Hall DVM,829-83-9437,"1295 Patricia Crescent Suite 440
New Jameston, VI 38607",N,miles
567,James Perez,456-78-4511,"636 Vincent Islands Suite 274
South Steven, DC 17166",N,hours
568,Craig Phelps,469-14-8140,"9520 Campbell Underpass
Lake Kayla, IL 55748",Y,hours
569,Andrea Vance,298-86-0225,"777 Kelly Groves
Lake Garyport, GU 90918",Y,miles
570,Christina Warren,785-29-4359,"676 Brett Stravenue Suite 313
East Courtneyland, NJ 11458",Y,hours
571,Sandra Pearson,393-44-2125,"4024 Brandy Garden Suite 800
Nataliemouth, PR 24240",Y,hours
572,Latasha King,337-13-4979,"325 William Mill
North James, WY 58671",Y,miles
573,Danielle Haynes,067-38-0178,"801 Jeanette Rapids Suite 936
Lauramouth, VA 58798",Y,miles
574,Zachary Myers,438-46-9983,"60210 Cassandra Haven
South Jeffreyville, AL 39849",N,miles
575,Michael Mcneil,369-18-3022,"149 Angela Plaza Suite 294
Meltonburgh, IA 87756",Y,hours
576,Crystal Reyes,034-89-7847,"3894 Stephanie Shoals
Chavezchester, FM 84194",Y,miles
577,Amy Cowan,323-13-0077,"8675 Lisa Rapid
Lopezburgh, WA 42332",N,hours
578,Nicolas Johnson,896-93-7481,"11857 Elizabeth Ridges
East Jordan, PW 98173",N,hours
579,Michael Bishop,893-56-2121,"56403 Susan Underpass
Brandonview, VT 90437",Y,hours
580,Lauren Braun,634-33-6580,"8092 Hobbs Island Apt. 649
Nelsonland, PA 29643",Y,miles
581,Michael Martin,067-30-0106,"5844 Caitlin Alley Apt. 346
Jasonshire, AZ 59654",Y,hours
582,Daniel Lewis,046-91-8004,"044 Barry Station
East Williammouth, RI 48985",Y,hours
583,Daniel Mendoza,663-67-5710,"959 Gates Plains Apt. 196
Meganville, WA 13410",N,hours
584,Mitchell Watkins,801-20-0327,"219 Orr Harbors Suite 100
South Lynntown, AR 50646",Y,hours
585,Destiny Ford,267-59-9391,"7324 Davis Passage Apt. 610
East Mary, WV 73309",N,hours
586,Colleen Brooks,745-16-3030,"384 Wendy Isle Apt. 662
Bennettberg, KS 79595",N,miles
587,Todd Wolfe,067-68-7761,"67627 Jordan Square Suite 637
Bradshawmouth, AZ 06742",N,miles
588,Courtney Phelps,559-54-0466,"6696 Vazquez Wall Suite 386
West Melinda, AZ 73009",N,miles
589,Derek Wilson,073-50-0823,"USNS Reid
FPO AA 95377",Y,miles
590,Olivia Abbott,407-03-0031,"01966 Johnson Square Apt. 001
New Dustinfort, MD 55925",N,hours
591,Eric Bradley,734-51-4333,"666 Zachary Burg
South Alexanderview, CT 80850",Y,miles
592,Sandra Fernandez,456-39-5262,"596 Nicole Fall
North Alextown, DE 15926",Y,miles
593,Vicki Foster,496-98-5375,"02943 Robin Valleys
West Jessicaside, MN 37943",N,hours
594,Robert Brennan,221-08-4600,"453 Jerry Summit
Lonniebury, CO 90342",N,miles
595,Alicia Evans,653-79-9849,"PSC 2302, Box 3527
APO AP 68169",Y,hours
596,Cassandra Soto,343-96-0940,"98564 Castillo Village Suite 952
East Catherine, LA 02824",Y,miles
597,Rachel Espinoza,484-66-1090,"86014 Flores Mills
East Amanda, NJ 35576",Y,hours
598,Andre Christensen,642-85-7810,"4202 Austin Mountain Suite 679
Jennifershire, UT 74076",Y,miles
599,Anthony Burke,526-35-7470,"848 Morgan Key Suite 185
South Anitaton, FM 48025",Y,miles
600,Steven Williams,151-32-0857,"95114 Roberts Mall Suite 549
South Stephenberg, LA 65457",Y,miles
601,Jane Riley,505-13-8502,"4140 Steele Mission Apt. 142
East Thomasfurt, WV 32490",N,hours
602,Antonio Guzman,243-69-7839,"214 Wendy Stream Apt. 524
Collinsview, TX 20012",Y,miles
603,Robert Velasquez,364-96-5209,"672 Billy Fords Suite 934
West Elizabeth, TX 41298",Y,miles
604,Steven Hoffman,366-16-4523,"7921 Gabriel Rue
New David, AK 21082",Y,miles
605,Edward Sullivan,771-53-2590,"51200 Trevor Pines Suite 833
Juliehaven, UT 12997",N,miles
606,Norman Nelson,277-02-4747,"649 Vanessa Forges
South Kelly, MD 80376",Y,miles
607,Albert Cunningham,733-71-5051,"6607 Morgan Overpass Apt. 665
West Dustin, MN 44495",N,miles
608,Michael Graham,116-09-6098,"022 Nelson Garden
Garciamouth, GU 46704",N,hours
609,Heather Griffith,877-89-9201,"039 Craig Keys
North Reneemouth, MT 70216",Y,miles
610,Julian Williams,849-11-1658,"68895 James Stravenue
South Richard, PA 18157",N,hours
611,Isabella Mendoza,269-80-1167,"9282 William Green Apt. 438
Port Melissa, PA 75446",Y,hours
612,Stanley Rivera,117-13-7366,"495 Teresa Way Apt. 351
Port Karen, NJ 62194",Y,miles
613,Brandon Perry,517-12-2573,"9956 Tran Streets Suite 465
Roseburgh, ME 41041",N,hours
614,Kenneth Conner,139-34-7469,"237 Joe Locks
Johnsonport, OR 10628",Y,miles
615,Brian Harrison,351-98-5247,"6070 Chad Turnpike Apt. 572
Lake James, IN 06509",Y,hours
616,Andrea Graham,660-12-6304,"7240 Lauren Village Suite 921
Seanview, TX 94016",N,miles
617,Daniel Middleton,856-02-9737,"5837 Martinez Ferry Suite 724
Matthewshire, PA 41515",N,miles
618,Mr. Devin Nelson,486-84-1964,"646 William Fords Apt. 301
Michelleview, FL 46699",Y,miles
619,April Gonzales,399-23-0456,"96252 Lisa Walks
Claytonhaven, GU 47674",Y,hours
620,Hannah Leonard,197-19-9642,"2700 Jones Shoal
North Lauren, CA 63642",N,hours
621,Karen Blankenship,406-06-4158,"USNS Edwards
FPO AP 15745",Y,miles
622,Martin Levy,580-62-7643,"2707 Rachel Estates
New Kathrynstad, IL 97972",Y,hours
623,Victoria Patrick,597-05-5560,"125 Bobby Station Suite 243
Oliviafort, OK 22601",N,hours
624,Wendy Schultz,714-54-7812,"7080 Johnson Crossroad
East Scottview, LA 19905",N,miles
625,Sandra Norris,006-65-9636,"134 Barbara Lane
North Markton, WA 31207",Y,miles
626,Theresa Wallace,206-39-6830,"79970 Gentry Pike
Melissabury, MN 10222",N,miles
627,Brandy Newton,119-83-1077,"33381 Debra Flat
Port Garytown, OH 52146",Y,miles
628,Mary Rodriguez,287-31-3949,"741 Smith Harbor Suite 549
Riosside, LA 40043",Y,hours
629,Jessica Holmes,677-36-8811,"817 Simmons Unions Apt. 329
Christinaberg, CA 90991",Y,hours
630,Nancy Morrow,259-71-7965,"PSC 8169, Box 9424
APO AE 79255",N,miles
631,Clayton Lee,544-38-6103,"874 Henderson Camp
Robinsonbury, ND 61431",N,hours
632,Heather Sanders,533-18-2976,"99828 Penny Rue
Burnettview, NJ 15920",N,hours
633,Jackie Wheeler,509-89-7119,"84211 Gordon Mall
New Kristenburgh, MD 12232",Y,hours
634,Pamela Camacho,259-90-2838,"PSC 8778, Box 2174
APO AP 44511",Y,hours
635,Darrell Walker,522-61-3288,"USCGC Hunt
FPO AA 50422",Y,hours
636,Tara Taylor,696-38-8362,"USS Ross
FPO AA 62766",Y,hours
637,Joseph Lucas,258-95-1633,"3473 Douglas Junctions Apt. 651
Ashleymouth, DC 41150",N,miles
638,Samantha Reeves,522-47-9877,"7639 Cynthia Light Apt. 581
Haleburgh, SD 82055",Y,hours
639,Alejandra King,061-28-3610,"100 Turner Oval
North Denise, AZ 06054",N,miles
640,Kathleen Gibbs,158-19-9949,"Unit 6130 Box 2223
DPO AP 39196",Y,hours
641,Thomas Guzman,237-47-2322,"214 Jesus Mountain Suite 570
Kendraport, IA 40450",N,miles
642,Joshua Wong,679-33-6372,"01868 Alexander Port Suite 143
Brownton, KY 91137",Y,miles
643,Dr. Kimberly Rivera,465-94-5119,"813 Sean Corner
Bryantchester, CO 26478",N,miles
644,Sarah Carroll,805-72-4323,"11886 Jerry Mountains
Thomashaven, NC 99825",Y,miles
645,Derek Miller,497-63-7213,"80156 Christopher Rest Apt. 883
North Thomas, PW 08869",N,hours
646,Shannon Harper,722-79-0176,"418 James Lane
Liuhaven, MO 02147",N,hours
647,Katelyn Reyes,104-84-4924,"239 Julia Club Suite 075
South Thomasmouth, TN 39257",Y,miles
648,Zachary Romero,489-77-5766,"6006 Brock Park
North Elizabeth, MO 47372",Y,miles
649,Zachary Horton,617-71-2126,"68431 Laura Fields
Claudiatown, SD 82216",Y,hours
650,Kyle Patterson,190-80-7789,"81675 Jasmine Lakes
Jerryland, MP 68121",Y,miles
651,Jordan Fitzgerald,726-03-6535,"8387 Hatfield Centers
New Anthony, WI 98678",N,hours
652,Kenneth Gonzalez,634-77-0569,"9542 Mackenzie Prairie Suite 577
East Laura, MI 09871",N,miles
653,Karina Gonzales,550-85-8347,"46020 Andrews Throughway Suite 984
Port Laura, MT 12993",N,hours
654,Gloria Fisher,467-72-0883,"0635 Tara Court
Thompsonchester, MD 04314",N,miles
655,Kimberly Holt,027-47-8734,"606 Clay Throughway Apt. 443
Port Diane, ME 97660",Y,miles
656,Danielle Beck,589-31-7462,"7568 Tina Dam
Heatherfurt, CA 32486",Y,hours
657,Jonathan Guzman,391-26-1006,"USNS Moore
FPO AE 00900",N,hours
658,Raymond Stewart,570-74-4576,"96484 Bowen Forge
South Richard, CT 02040",N,hours
659,Mr. William Morales,628-69-3824,"5718 Robinson Ports
West Brianna, WI 38265",Y,miles
660,Lisa Hammond,134-94-5279,"473 David Cliffs Suite 721
Samuelport, RI 60633",N,hours
661,Ashley Bell,817-23-8421,"5575 Dillon Run Apt. 280
Robertshire, MP 68489",Y,hours
662,James Harvey,709-10-8596,"117 Eric Center
South Sabrinahaven, ME 22399",Y,hours
663,Nicole Bishop,898-12-3006,"800 Joshua Grove Suite 056
West Dominic, UT 96382",Y,miles
664,Christopher Adams,461-76-6995,"066 Sanders Fort
Susanburgh, OH 17176",N,miles
665,Chad Sutton,538-84-1365,"07904 Mary Point
Alexisfort, SD 52059",N,miles
666,Jean Nguyen,318-35-8407,"347 Kevin Dam
New Tylerfurt, AK 67846",N,miles
667,Benjamin Bender,203-37-9147,"61398 Travis Bridge Apt. 994
Davidfurt, ND 33809",Y,miles
668,Christina Ramirez,474-07-4073,"3919 Dennis Garden Apt. 995
East Jameston, UT 90912",N,miles
669,Daniel Coleman,364-07-0355,"065 Pierce Curve Suite 951
South Michelletown, WA 31268",Y,hours
670,Doris Thomas,118-27-4899,"52145 Michael Valleys
West Katherineport, AL 77355",Y,hours
671,Cindy Thomas,082-18-8732,"6319 Kim Rapids
Lake Aprilfort, IA 99154",N,hours
672,Bethany Bell,198-54-0735,"9239 Thomas Glens Suite 181
South Frances, HI 96172",N,miles
673,Dennis Willis,831-58-5135,"USCGC Elliott
FPO AP 19616",Y,hours
674,Jennifer Sutton,197-33-2334,"565 Kristine Forges Suite 662
East Stephanie, MP 22702",Y,miles
675,Barbara Garcia,003-80-9805,"729 Morris Burgs Suite 481
Bridgetbury, HI 72203",N,miles
676,David Baxter,673-53-1013,"82944 Carter Path
Amberville, AL 16787",Y,miles
677,James Coleman,816-12-7733,"Unit 2221 Box 1591
DPO AP 41649",Y,hours
678,Cameron Burgess,751-83-6190,"00736 Ryan Alley Suite 139
Lake Caitlinview, PA 22473",N,miles
679,Juan Montes,185-81-9276,"906 Ashley Trail Apt. 777
Garciabury, DC 10149",N,hours
680,Veronica Ruiz,737-30-2925,"98923 Cooper Groves
Sarahberg, HI 63297",Y,hours
681,Molly Lewis,561-25-2763,"16125 Samuel Turnpike Suite 215
Alishachester, LA 12511",Y,hours
682,David Nicholson,439-18-3898,"5447 Matthew Skyway
Lake Karen, AK 68158",Y,miles
683,Stacey Peterson,813-48-6399,"03139 Crystal Mission Suite 723
Alexport, MH 13419",N,hours
684,Lisa Gordon,582-41-1837,"38577 Barber Landing
South Kevinfort, NY 75585",N,hours
685,Brent Allen,785-50-0830,"3452 Sharon Cliffs
New Michaelshire, NC 81669",N,miles
686,Amanda Garcia,637-98-1194,"49754 Foley Flat Suite 622
Smithhaven, MO 99423",N,miles
687,Julie Cruz,450-06-3827,"PSC 5249, Box 5209
APO AP 58608",N,hours
688,Emily Miller,235-05-4934,"8813 Robert Trail Suite 202
Kerribury, AS 66304",Y,miles
689,Benjamin Davenport,380-59-6239,"124 Kerr Causeway
East Christopher, PR 15581",N,hours
690,Jennifer Watts,212-34-0328,"921 Wilkinson Mountains Suite 151
Nielsenville, WY 66990",Y,hours
691,Marco Barr,128-36-1255,"39795 Daniel Dale Apt. 632
Port Sarah, MI 66240",Y,hours
692,Nathan Smith,106-01-3475,"6774 Paul Point
West Joseph, WY 90766",Y,miles
693,William Gonzalez,625-90-3974,"487 Hart Dale Apt. 526
New Emilyfort, IL 80576",Y,hours
694,Erica Wong,075-41-5031,"712 John Neck
New Jasmin, MO 30778",N,hours
695,Steven Chavez,547-12-1611,"7271 Angela Wells Suite 594
Wilsonborough, GA 84432",Y,hours
696,Christopher Dunlap,314-67-9861,"6473 Smith Brooks Apt. 588
Annachester, NV 88907",Y,miles
697,Amy Patterson,538-65-4095,"08011 Anthony Coves
South Aaron, HI 34576",N,miles
698,Monica Phillips,848-79-3923,"PSC 3226, Box 9476
APO AA 64794",N,miles
699,Nancy Patel,052-70-5672,"2844 George Cliffs Suite 392
North Deanna, WI 81308",N,hours
700,Linda Reed,342-62-4945,"7308 Bishop Parks Apt. 043
Kentview, MI 83024",N,miles
701,Kimberly Rivera,541-79-9333,"5365 Hammond Road Apt. 564
Port Shelby, ID 36718",Y,miles
702,Jacob Davis,624-07-2810,"8862 Ryan Burg Apt. 626
West Frank, FM 20919",N,miles
703,John Carter,428-82-3591,"56613 Holden Vista
West Allen, OK 74319",N,miles
704,Jay Vaughn,611-71-5829,"59916 Heidi Fall Suite 334
South Joshuaview, WV 19750",Y,hours
705,Laura Carpenter,842-15-2386,"75339 Emma Dam
Petersonmouth, CT 62705",N,hours
706,Chris Duncan,154-51-9023,"1214 Barbara Row
Courtneyfurt, KY 03906",N,miles
707,Mary Taylor,658-26-8428,"98707 Marquez Plains Suite 585
East Michellebury, GU 67688",Y,hours
708,Katherine Holland,797-26-3397,"43187 Jackson Skyway Apt. 743
East Rebecca, MS 88486",Y,hours
709,Tracey Brooks,119-71-6814,"4036 Hobbs Coves Suite 389
Port Jamesstad, AZ 73229",Y,hours
710,Larry Combs,819-70-5779,"Unit 7722 Box 9228
DPO AA 08598",N,miles
711,Mr. Mark Williams DVM,893-81-4967,"924 Solomon Manor
New Timothymouth, FL 54552",N,hours
712,Jacqueline Anderson,868-18-4531,"592 Morales Roads
South Ryanbury, WY 42129",N,miles
713,Ryan Moore,270-32-2981,"218 Kenneth Alley
Perryport, VT 04130",Y,miles
714,Kathleen Thornton,290-93-6939,"6855 Patterson Plain
Lake Anita, MA 33284",N,miles
715,Christine Villanueva,171-85-6676,"USNS Bowen
FPO AE 59534",Y,hours
716,Jeffrey Alexander,532-50-0173,"34325 Sierra Ramp
Port Kathrynmouth, MS 62677",N,hours
717,Brenda Ross,683-02-1799,"8682 Bender Path
Lake Denisefort, MN 47911",Y,hours
718,Traci Miller,241-71-4984,"09147 Dominique Parks Apt. 594
Johnsonport, VA 05529",Y,miles
719,Michael Allen,177-49-9883,"5254 Robin Estate Suite 481
North Gregoryville, GA 80923",Y,miles
720,Bradley Ramirez,802-23-4644,"892 Steven Drives
Nicholsontown, PR 34247",Y,hours
721,Steven Carr,703-24-5411,"746 Jennifer Groves Apt. 487
Lake Mark, TX 87468",Y,hours
722,Tiffany Jones,314-72-2368,"726 Tucker Underpass Suite 806
Longhaven, FM 41875",Y,miles
723,Robert Dyer,447-74-7983,"7811 Campbell Stream
Jimmouth, WI 87203",Y,miles
724,Jeanette Martinez,751-02-6064,"5631 Cohen Estates
Lake Danielle, CA 96529",Y,hours
725,Carrie Collins,686-29-9951,"39870 Foster Mission
North Williamport, NY 19938",N,hours
726,Leslie Thomas,005-85-2854,"403 Edward Camp
Lake Lisa, MT 29131",N,hours
727,Michael Lopez,136-88-0005,"458 Mooney Landing
Feliciahaven, PR 94117",N,miles
728,Michelle Lane,369-26-7479,"831 Caitlin Prairie
Port Janeview, IA 03063",N,hours
729,Donald Thomas,298-07-3536,"7914 Brown Camp Apt. 541
Cherylton, IL 06205",N,hours
730,Brianna Hunter,868-99-8591,"462 Joseph Mill Suite 950
Westchester, CO 76566",N,miles
731,Michele Wells,211-49-4531,"Unit 4620 Box 9520
DPO AE 78097",N,miles
732,Mr. Steven Burton,168-38-5644,"141 Jackson Parks Suite 291
Lake Saramouth, IA 50729",N,hours
733,Misty Stanley,587-01-2601,"56837 Williams Bypass
Jacobville, MN 32798",N,miles
734,Kelly Mendoza,109-28-6308,"Unit 0214 Box 0571
DPO AE 83856",N,hours
735,Victor Santiago,599-82-7927,"56512 Walters Locks Apt. 952
Arnoldview, ND 90532",Y,hours
736,Tracey Roberts,294-20-1125,"1064 Sierra Glens
Hallshire, MN 20815",N,miles
737,Emily Davis,474-45-8685,"4294 Angela Cove
East Georgemouth, VA 64643",Y,miles
738,William Weaver,038-51-5111,"PSC 9420, Box 4299
APO AE 20869",N,hours
739,Jesus Taylor,833-85-3325,"49396 Acevedo Club
North Elizabeth, MO 09051",Y,miles
740,Bridget Gomez,590-62-8832,"8510 Peters Manors
Port Joshuabury, AZ 08919",Y,hours
741,Tammie Stevens,218-51-3643,"85860 Joseph Haven
Cunninghamland, NV 14039",N,hours
742,Calvin Williams,435-78-4524,"421 Debra Branch
Zavalaland, IL 40443",N,hours
743,Jennifer Smith,648-62-3995,"63481 Harvey Highway
Allisonville, NY 44087",Y,hours
744,Andrea Grant,296-72-3459,"33532 Cory Well
Port Steven, MD 52364",N,hours
745,Crystal Guerrero,332-63-5712,"353 Debra Land
Hernandezhaven, CT 36697",N,miles
746,Ashley Lewis,068-71-7760,"8715 Wright Hollow
North Larry, FL 15522",N,hours
747,Corey Daugherty,679-92-9720,"06170 Chase Oval Apt. 069
West Katelynland, IL 40365",N,miles
748,Jodi Thompson,643-27-9630,"2309 Cross Bypass
East Juanbury, AL 28342",Y,hours
749,Jeffrey Wolfe,090-55-3248,"8003 Cohen Forks Apt. 415
Robinville, AZ 65603",Y,miles
750,Jennifer Fisher,508-65-7174,"09520 Landry Wall
Morriston, VA 81805",N,hours
751,William Kelley,587-58-6225,"5532 Sandra Expressway
Coreyfort, LA 07951",Y,hours
752,Kimberly Dawson,052-88-7622,"1404 Schmidt Walk
Jeffreychester, ID 66496",N,hours
753,Samantha Vargas,758-74-7630,"3760 Love Greens
Rogersberg, MT 89239",Y,miles
754,Heather Anderson,227-36-6470,"939 Victor Tunnel
Port Vincentside, SD 17373",Y,miles
755,Dylan Henry,654-11-9503,"85189 Mitchell Neck
Christopherville, NV 56592",N,hours
756,Patrick Roberts,591-09-7622,"USNV Martinez
FPO AE 64144",Y,miles
757,George Grimes,853-13-3204,"Unit 9719 Box 5333
DPO AP 48624",Y,hours
758,William Schwartz,884-49-8131,"0717 Daniel Fords
West Johnberg, WV 06317",Y,miles
759,Teresa Reid,761-53-9153,"2307 Chambers Forks
Port Coreymouth, NE 65854",N,hours
760,Justin Scott,305-52-1658,"402 Madison Track
Gregoryborough, IL 57880",N,miles
761,Brooke Mitchell,680-58-3072,"1957 Matthew Lodge
Hoburgh, LA 63925",N,hours
762,Michael Rodriguez,045-27-4151,"6885 Nicholson Course Suite 024
Port William, UT 70873",Y,hours
763,James Walker,691-62-7167,"190 Jessica Trail
East Donald, MI 56931",Y,hours
764,Jacob Wiggins,812-93-6615,"065 Jesse Highway
North Tina, AZ 59256",Y,hours
765,Randy Phillips,329-92-1415,"0759 Walters Mountains Apt. 014
Ashleyhaven, MA 49033",N,hours
766,Jonathan Woods,552-57-0357,"67249 Bass Union Suite 971
Chandlerton, OK 26572",Y,miles
767,Mark Rivas,104-77-6797,"30263 Paula Spur
Lake Sarah, MT 03785",N,miles
768,Edgar Young,800-24-4410,"73351 Jones Shoals Apt. 796
Robertland, NY 51315",N,hours
769,Jessica Smith,727-41-3398,"2220 Wilson Wells Suite 624
Davidberg, MO 56429",N,miles
770,Michael Lopez,682-18-8844,"292 Carl Plains Apt. 494
Leefort, SC 09217",N,hours
771,Michael Hernandez,241-49-8101,"87210 Jeremy Mountains
North Sarahview, FL 83247",Y,hours
772,Hannah Patel,165-15-2437,"0794 Ashley Landing
West Cherylmouth, IA 99313",Y,hours
773,Tasha Young,884-77-8459,"54730 Peterson Corners
Mooreborough, VA 53307",N,hours
774,Leslie Perez,050-57-6345,"16969 Dudley Mall
New Keith, TX 33810",Y,miles
775,Daniel Park,592-92-9483,"92868 Drake Cove Apt. 641
South Matthewfort, NV 15766",Y,miles
776,Veronica Alvarez,580-17-2687,"95033 Mccarthy Groves Apt. 454
South Breannahaven, AR 09345",N,miles
777,Dr. Amber Webster,690-77-7965,"65128 Ana Heights Suite 469
Lake Stephanieport, OK 33907",Y,hours
778,John Clark,312-18-8053,"3672 Gary Forges
Danieltown, SD 43889",Y,miles
779,Katherine Freeman,497-45-8488,"9091 Danielle Place
New Anthonyton, MO 37690",Y,hours
780,Mark Spencer MD,413-73-3656,"5823 Higgins Divide Apt. 308
Gibsonport, ND 50808",N,hours
781,Mary Holden,692-54-8930,"01076 Hernandez Brooks
New Chadberg, NE 85212",N,hours
782,Mrs. Amanda Castillo,077-59-9122,"703 Kimberly Isle
North Charles, KS 98499",Y,miles
783,Joshua Campbell,605-17-3444,"089 Holt Inlet
Melissaburgh, MH 36955",Y,hours
784,Heidi Brown,461-85-3252,"29467 Johnson Cliffs Suite 376
West Jasonchester, PR 19659",Y,hours
785,Tonya Fowler,083-45-3474,"47889 Ryan Fords
Natalieborough, TX 78839",N,hours
786,Michael Kelly,750-24-0132,"298 Hayes Lake Suite 868
Marshallmouth, HI 25568",N,miles
787,Gabrielle Cunningham,862-04-3386,"4240 Roy Union Apt. 659
East Willie, TX 07822",Y,miles
788,James Moore,344-71-3332,"6484 Murphy Rue
Ericabury, MP 92245",Y,hours
789,Jason Jones,154-77-2555,"0446 Justin Shoal
Lake Andreburgh, IN 58739",N,hours
790,Kyle Wells,261-03-2206,"016 Anthony Way
Woodton, WV 13140",Y,hours
791,David Hill,174-96-7265,"72507 Kelley Centers
New Thomas, NC 66784",N,hours
792,Pamela Williams,028-86-9005,"574 Brian Drive Suite 180
North Rebekah, WY 24415",N,miles
793,Elizabeth Francis,185-91-2045,"627 Logan Ridge Apt. 809
Savannahhaven, NV 30263",N,hours
794,Paul Harrison,720-94-7217,"56058 Yang Fields
Robertview, CT 15228",N,miles
795,Joseph Taylor,830-14-5208,"91565 Fisher Ridge
Gordonville, OH 88213",Y,hours
796,Mackenzie Jordan,142-15-2817,"029 Christina Flat
Lewisborough, NJ 59836",N,hours
797,Matthew Burton,482-41-5048,"65119 Moore Meadows Apt. 124
Thompsonchester, NC 88825",N,miles
798,Keith Walter,813-78-6316,"407 Stephens Haven
Martinezmouth, NM 89283",Y,miles
799,Victoria Love,407-69-3323,"076 Pace Extensions Apt. 660
Kariview, FM 03813",N,hours
800,Patrick Kelly,535-74-9272,"1499 White Stream Apt. 043
East Jordan, FM 40888",Y,hours
801,Kayla Hernandez,812-48-6170,"Unit 0554 Box 9524
DPO AE 49554",Y,miles
802,Ricardo Craig,692-41-1913,"604 Michael Mews Apt. 128
Lewisshire, MO 99731",N,miles
803,Patrick Goodman,850-31-9784,"5069 Walton Unions
North Elizabethton, FM 51268",N,miles
804,Darin Vasquez,764-22-3689,"0679 Salazar Springs Suite 354
West John, ME 42635",N,miles
805,Samantha Scott,497-09-3190,"9507 Hess Crossing
West Jeremiah, MD 04341",Y,miles
806,Gary Johnson,748-63-7455,"51918 Tate Street Apt. 430
Port Joshua, OH 54452",Y,miles
807,Emma Lopez,442-93-0222,"694 Munoz Common
New William, LA 49493",N,miles
808,Jason Adams,300-34-7644,"77371 Matthew Summit Suite 053
Lauratown, OH 26667",N,miles
809,Kevin Johnson,595-98-0093,"7245 Jones Ville
Janetmouth, DC 14764",Y,hours
810,Angela Molina,380-25-9819,"056 Danny Union
New Diana, MD 09135",N,hours
811,Matthew Johnson,055-23-5311,"36419 Heather Stravenue Suite 377
Davidsonport, UT 24983",Y,miles
812,Harold Cole,557-36-4834,"098 Lewis Hollow
West Christopherville, IA 86540",Y,miles
813,Christopher Smith,177-99-1509,"Unit 6069 Box 7871
DPO AA 86014",Y,hours
814,Toni Carr,345-26-9015,"62785 Patricia Wall Suite 276
Jonesfort, UT 73003",N,hours
815,Dana Robinson,067-97-2391,"79905 Sonia Lake Apt. 322
Campbellburgh, GU 02550",N,hours
816,Jessica Jensen,634-64-0186,"96925 Harper Falls
West Karenmouth, AL 82527",N,hours
817,Thomas Mcdonald,341-69-7652,"57055 Danielle Loaf Suite 378
Sarahport, OR 76257",N,hours
818,Vanessa Farmer,235-08-1169,"93954 Melissa Street
Teresahaven, AK 61607",N,miles
819,Collin Gonzalez,536-77-7420,"Unit 5584 Box 3586
DPO AP 09177",Y,hours
820,Mariah Jones,288-40-6323,"0982 Oneal Prairie
Michaelton, LA 68172",N,hours
821,Douglas Fox,326-64-3937,"8263 Mitchell Plains Apt. 966
Port Lindaborough, ID 38556",Y,miles
822,Shannon Miller,549-22-2127,"USNV Garcia
FPO AA 29770",N,miles
823,Andrew Lowe,418-90-2191,"USNS Craig
FPO AA 32236",N,hours
824,Jon Rhodes,648-56-4676,"239 Jones Lake
South Ivanhaven, GU 37231",Y,miles
825,Jacob Mejia,877-87-3305,"863 Fleming Dam Suite 159
Daniellehaven, IN 25599",N,hours
826,Rhonda Bell,345-54-2307,"667 Meredith Meadow
South Benjaminview, PW 98169",N,miles
827,Shelby Perez,321-64-5868,"822 Graham Creek Suite 844
Garciashire, NC 57317",N,hours
828,Gina Rose,303-80-9295,"488 Katie Gardens
Lake Brent, KS 23998",Y,miles
829,Angela Cox,524-95-5470,"370 Randall Canyon
Lake David, WA 60750",N,miles
830,Fred Wolfe,497-68-2247,"06389 Matthew Glens Apt. 091
Charlesmouth, TN 00773",Y,miles
831,Jill Ingram,273-38-7346,"8283 Joseph Squares
Richmondport, CT 52975",N,miles
832,Jill Flynn,006-61-7540,"3704 Dixon Plains
Port Nathan, UT 32617",N,hours
833,Ashley Williams,746-71-4101,"24895 Bryant Expressway
Barryview, IL 48790",N,miles
834,Daniel Benson,870-87-8959,"84694 Michael Springs
South Jasmineside, GU 31844",Y,hours
835,Charles Duncan,345-97-1404,"749 Clayton Village Apt. 024
East Jeremy, WI 84277",Y,miles
836,Nancy Smith,347-64-4782,"38104 Burns Junction Suite 683
North Kevin, MO 91924",N,hours
837,Eric Delgado,613-77-0330,"516 Tonya Trace Suite 174
Mooreland, SD 08036",Y,hours
838,William Greene,386-78-3148,"USCGC Brock
FPO AE 62820",Y,miles
839,Dean Luna,670-73-5353,"35240 Ronald Trail
North Barry, OH 53000",N,miles
840,April Gillespie,041-69-1852,"67601 Elizabeth Key
North Julieport, IL 25052",N,miles
841,Katie Wood,318-88-6832,"75688 Bryan Island
Lake Rebecca, MP 59558",Y,hours
842,Mrs. Diana Roberson,193-43-3508,"8888 William Way
Esparzaport, MA 97689",Y,hours
843,Joshua Phillips,626-93-5387,"5754 Flynn Mount
Walkerview, MS 93156",Y,miles
844,Melvin Martinez,375-53-8469,"0143 Nicholas Club Apt. 692
Lake Shannon, AZ 17232",Y,miles
845,Benjamin Brown,173-37-9954,"733 Murillo Viaduct Suite 756
Whiteton, VT 36004",N,hours
846,Richard Cohen,192-49-7362,"09759 Baker Estates
New Chelseatown, VT 89962",N,miles
847,Mark Lee,420-44-3850,"550 Ponce Squares
East Tara, NV 48183",N,hours
848,Kevin Graham,520-87-6267,"USS Calderon
FPO AP 42347",Y,miles
849,Jessica Thompson,460-88-5889,"543 Lisa Fort Suite 109
Port Johnfort, KS 25461",Y,miles
850,Calvin Lucas,224-90-6878,"163 Thompson Flat
Lake Tammy, FM 48425",Y,hours
851,Gina Turner,001-74-4293,"3986 Scott Hill Suite 811
Walkerville, MO 83688",N,hours
852,Amanda Gutierrez,229-15-6439,"36731 Joel Meadow
North John, VT 01719",N,hours
853,Thomas Perry,318-69-7733,"3338 Klein Cliffs Apt. 844
Willisstad, DE 67408",Y,hours
854,Daniel West,008-79-6554,"334 Hammond Corner Suite 756
East Andrew, DE 72376",N,miles
855,Randy King,827-92-6045,"PSC 6618, Box 1111
APO AA 86451",N,hours
856,Savannah Elliott,369-74-9093,"7419 Jeffrey Park Apt. 787
East Gregoryville, PW 19002",N,hours
857,Margaret Wilson,095-73-7379,"07255 Baldwin Brook Apt. 772
South Courtneyshire, IL 49966",N,hours
858,Amanda Davis,619-28-5526,"3663 Thomas Road Apt. 816
West Kevinstad, AL 87393",N,hours
859,Sandra Robertson,457-98-8248,"27648 Joshua Trail Suite 706
North Josephport, OH 70606",N,miles
860,Cheryl Moran,810-02-0850,"85516 Alvarez Turnpike Apt. 211
Kennethfurt, OR 10676",N,miles
861,Denise Torres,707-14-7411,"825 Deborah Curve
Martinezton, AS 73212",N,miles
862,Stanley Jones,737-86-5547,"PSC 7038, Box 3731
APO AA 21999",Y,miles
863,David Mason,630-54-1264,"849 Brown Orchard Suite 262
Jonathanshire, NJ 14277",Y,hours
864,Matthew Strong,648-62-7260,"PSC 6813, Box 6000
APO AE 64842",N,miles
865,Ethan Garcia,279-23-3681,"1884 David Mills Apt. 974
New Dennis, NM 55596",Y,hours
866,Daniel Dyer,882-95-3252,"277 Clark Fort Apt. 281
Ashleyland, CA 68200",Y,miles
867,Michael Burke,751-75-2408,"886 William Flats Apt. 742
Johnhaven, KS 55457",N,miles
868,Matthew Kelly,841-34-7679,"52362 Wood Crossing
Brucefurt, WV 18150",Y,hours
869,Robert Williams,440-33-9698,"89809 Brian Gateway Apt. 569
South Jorgetown, LA 63728",Y,hours
870,Alyssa Mckay,794-51-1231,"PSC 3240, Box 0359
APO AA 41897",N,hours
871,Johnny Burgess,203-36-2778,"1005 Johnson Mall
Erikmouth, IL 04150",N,hours
872,Leonard Decker,236-29-3050,"848 Jean Forge Suite 915
New Saraton, AL 22083",N,miles
873,Brandon Le,515-05-8172,"2617 Brandon Port Apt. 430
New Tiffanyport, AR 38424",N,hours
874,Kenneth Blankenship,630-10-7975,"53667 Jennifer Estates Apt. 014
Higginsstad, WY 13005",N,miles
875,John Proctor,442-64-3781,"425 Hannah Lane Suite 185
Gonzalezburgh, AR 04757",Y,miles
876,Sabrina Berry,879-74-7935,"281 Julie Junction
North Marilyn, NY 88258",N,miles
877,Nicole Campbell,715-86-9528,"0207 Austin Bypass Apt. 476
Andradeside, PW 62964",N,hours
878,Mitchell Graham,556-44-5277,"134 Shelly Pines
New Stephenmouth, IA 81493",N,miles
879,James Barrera,535-61-2397,"7968 Fitzgerald Stream
East Andrewmouth, MH 25836",N,miles
880,Diana Pittman,091-67-0652,"165 Baker Village Suite 227
New Jessicaside, PR 47136",N,hours
881,John Park,343-44-6335,"31273 Dawson Point
Lake Janiceshire, MD 38356",N,miles
882,Teresa Lee,538-52-9392,"425 Blair Knolls
West Briannaport, KY 39073",Y,hours
883,Wendy Bryan,803-23-2519,"94616 John Manor Suite 940
North Jeffreyshire, IL 48495",N,miles
884,Daniel Everett Jr.,458-46-3647,"Unit 4343 Box 0100
DPO AA 02467",N,miles
885,Kyle Bryan,391-48-9562,"427 Fowler Valley
West Shaun, WY 46291",N,miles
886,Steven Fuentes,715-63-5793,"957 Lisa Ramp
Smithland, MT 14803",Y,hours
887,Eric Peters,411-84-4181,"60544 Madison Expressway Apt. 552
East Davidville, CA 06931",N,hours
888,Christina Cabrera,591-64-6979,"Unit 6586 Box 4728
DPO AE 62025",Y,miles
889,Danielle Jimenez,325-96-2234,"271 Koch Circles Apt. 525
East Anne, TN 24454",N,miles
890,Austin Brown,610-46-4644,"8386 Duffy Pass
Smithside, CO 77086",Y,miles
891,Shannon Malone,449-48-7801,"42118 Harris Valleys Apt. 272
Dianaton, TN 32754",N,miles
892,James Richard,349-98-8658,"4163 Anita Stravenue Apt. 526
Allenborough, NM 58831",Y,hours
893,Austin Parker,218-36-4345,"845 Singh Trace Apt. 567
South Richard, WY 58299",Y,hours
894,Justin Lee,457-53-6384,"434 Brooke Plains Apt. 339
Mariaview, FL 44880",Y,miles
895,Charles Fernandez,167-88-1410,"9452 Michael Fords
Ralphville, NY 05065",Y,miles
896,Jasmine Snyder,264-38-5941,"691 Ayala Rapid
South Dylanfurt, KS 16622",Y,miles
897,Bobby Sanchez Jr.,202-93-9530,"6267 Smith Stravenue
South Karen, AL 98862",Y,hours
898,Phillip Collins,841-42-7292,"147 Jeffery Field
Camachoberg, VA 77143",N,hours
899,Mr. Patrick Ramirez Jr.,530-91-6929,"1724 Michael Port
Gonzalezport, AZ 53801",Y,hours
900,David Lawson,717-56-1106,"7406 Debra Camp
West Lynn, WI 59339",N,hours
901,Meghan Burke,157-93-8697,"PSC 1256, Box 2122
APO AA 33371",Y,miles
902,Monica Booker,506-93-9969,"113 Murray Village
Washingtonton, NE 87097",N,miles
903,Andrea Burns,337-66-8674,"6379 Moss Locks
West Marychester, MN 05792",N,miles
904,Richard Hill,421-57-4999,"2983 Martinez Square Apt. 067
Matthewhaven, WV 34687",N,miles
905,Robin Shah,310-10-8729,"8801 Tucker Roads
Frankstad, WI 43346",N,miles
906,Manuel Manning,173-14-6374,"943 Thomas Trail Apt. 152
East Samuel, AZ 28601",Y,hours
907,Laura Myers,196-67-6771,"93845 Roberson Estates Suite 176
Christinaport, CT 80348",Y,hours
908,Danny Osborne,565-99-6739,"58677 Johnson Garden Apt. 350
Port Elizabethborough, NH 13899",N,miles
909,Gary Walter,895-81-9575,"0101 Ryan Park Apt. 928
West Jamesborough, NE 21134",Y,hours
910,Chelsea Tate,541-47-0689,"PSC 1016, Box 7297
APO AP 10973",N,miles
911,Julia Hill,142-36-8012,"Unit 9118 Box 1942
DPO AA 52834",Y,hours
912,Rachel Gonzalez,466-69-3245,"8177 Madison Land
East Jasonbury, PR 53454",Y,hours
913,Hector Sanchez,584-42-7480,"71014 Kathleen Plaza
Rogerton, ID 59871",N,hours
914,Kevin Jones,867-19-2516,"67521 Lori Wells Suite 461
Perezfort, NY 51799",N,miles
915,Pamela Burke,432-99-2499,"46693 Lindsey Spur
New Terrence, SD 68694",N,miles
916,Kyle Brown,328-02-0511,"51509 Rangel Path
Georgeside, MH 32846",N,hours
917,Kevin Odom,680-18-5870,"88556 Charles River
Gregoryborough, DE 89343",Y,miles
918,Sharon Trevino,636-59-7580,"22257 Stone Prairie
North Melissaview, CA 72879",N,hours
919,Eric Allen,616-89-2075,"341 Hancock Trace
Johnburgh, NM 04389",Y,miles
920,Sydney Nguyen,211-83-7899,"5758 Erik Valley
Singletonhaven, CO 11123",N,hours
921,Rachel Proctor,530-97-4149,"91579 Larson Locks Suite 999
Port Michele, NC 73317",Y,miles
922,Monique Nichols,706-04-4217,"252 Lori Crescent Suite 943
Lake Angelamouth, WA 45503",N,miles
923,Dr. Sarah Martinez,164-37-0591,"736 Wright Island
Garybury, IA 27649",Y,miles
924,Stephanie Davis,370-35-7620,"23405 Peter Trace
Ramosborough, FM 38973",N,miles
925,Albert Stokes,780-80-2664,"2829 Douglas Green
Miguelside, PR 92509",Y,miles
926,Erica Frank,628-08-9696,"730 Garcia Road Apt. 844
Maryfurt, VT 42922",Y,miles
927,Melanie Elliott,466-36-1710,"945 Jasmin Station
South Edgarton, KY 01958",Y,hours
928,Ross Price,293-61-0899,"27060 Phillips Skyway Apt. 583
Penaborough, WA 21146",N,miles
929,Joseph Powell,420-42-0508,"946 Robert Circles Suite 205
Kellyfort, CT 20082",Y,miles
930,Taylor Hernandez,476-45-1944,"27048 Adam Mission
Vickiland, WA 99219",N,miles
931,Zoe Mcmahon,698-54-7981,"Unit 6961 Box 3537
DPO AA 34640",Y,hours
932,Johnny Mccormick,196-66-8792,"3281 Peters Manor
Caseymouth, OR 54365",N,hours
933,Paul Schneider,735-79-0070,"44300 Erica Locks
East Chase, MH 46822",N,miles
934,John Dean,423-85-7760,"328 Johnston Union
Smithton, RI 15705",N,miles
935,Latoya Avery,724-22-9284,"0354 Steven Creek Apt. 025
Lake Carolynfort, MS 12732",Y,hours
936,Devon Diaz,715-13-8227,"647 Stefanie Mission Suite 041
East Maureen, AL 52373",N,hours
937,Mackenzie King,108-53-7659,"192 Gonzalez Point Suite 424
Scottton, WA 68658",Y,miles
938,Allen Hanna,068-96-0535,"304 Roberts Rue Apt. 599
Staceyberg, AZ 97210",Y,hours
939,Brian Moreno,612-87-9746,"PSC 0667, Box 2748
APO AE 81470",Y,miles
940,Kyle Howe,301-06-1100,"44637 Jennifer Plaza
South Johnland, MA 42929",N,miles
941,Stephanie West,289-60-4768,"88470 Watson Via
Tiffanyport, MA 22960",Y,miles
942,Stephanie Howell,169-58-7698,"753 Hahn Spring
Kennethville, OR 65126",N,hours
943,Mr. Kyle Burnett,009-25-2776,"7410 Liu Knolls
West Jennifer, MO 94437",Y,hours
944,Kelly Shaffer,035-13-9103,"1199 Padilla Rue
South Luis, MO 75589",Y,miles
945,Jerry Long,095-65-1325,"972 Thomas Groves Apt. 525
Lake Stevenburgh, VT 25315",N,hours
946,Jackie Perez,580-59-1831,"74602 Rivera Stream Suite 771
Port Markberg, PR 92505",N,miles
947,Kelly Mcmillan,551-89-1071,"5186 James Corners
Ramireztown, SC 81060",N,hours
948,Cindy Hinton,712-83-9830,"66801 Schwartz Trail
Lake Kimberly, WV 83371",Y,hours
949,Erica Harper,058-38-9401,"6306 Nina Overpass
North Tracy, SD 16793",N,miles
950,Mrs. Andrea Butler,452-57-4855,"50806 Mcconnell Causeway Suite 293
Jacobfurt, KY 71033",N,hours
951,Allen Smith,319-97-7288,"09904 Patrick Falls Apt. 913
New Calvin, VI 01184",Y,hours
952,Joseph Knox,657-24-4696,"2336 Campbell Neck
New Brendachester, VT 80308",N,hours
953,Katie Farmer,793-88-0180,"55598 David Ridges
North Martha, SD 97767",N,hours
954,Holly Melton,685-75-3256,"94557 Brown Road Apt. 254
Moorehaven, AZ 95311",Y,miles
955,Hector Jackson,398-92-4547,"221 Bryan Mall Apt. 746
New Devin, ME 35584",Y,miles
956,Christopher Knight,046-09-9727,"6931 Garcia Orchard
New Erneststad, MI 04828",Y,miles
957,Jacqueline Williams,841-83-3742,"69765 Perez Way
Tonychester, IA 01176",N,hours
958,Gabrielle Flynn,253-86-4512,"83016 Elijah Key Apt. 973
Jordanfurt, DE 65574",Y,miles
959,Steven Davis,689-74-4660,"61380 Estrada Mills
North Denise, KY 35410",N,miles
960,Laura White,220-78-1816,"05326 Johnson Drive
North Michelle, CO 30150",Y,hours
961,Amanda Holt,725-63-0578,"4856 William Park
Brianville, HI 68741",N,hours
962,Natalie Lowery,028-04-8233,"53466 James Vista Apt. 992
Walkerburgh, IN 19640",N,hours
963,Daniel Willis,371-39-9433,"0849 Jessica Hill
Kylemouth, DC 06771",Y,miles
964,Danielle Clark,818-02-0106,"139 Ellis Square
Williamville, NM 04062",N,miles
965,Catherine Herrera,721-78-0932,"516 Torres Fields Suite 501
Port Seanshire, VT 08460",Y,miles
966,Krystal Lopez,425-33-8054,"98477 Fuentes Isle Apt. 417
Larsonland, MN 50589",N,hours
967,Carol Wright,062-61-3931,"86827 Nicholas Village
West Timothyside, ID 13772",Y,hours
968,Sarah Mitchell,653-29-6299,"7451 Clark Pines Apt. 854
Cuevasside, NV 37837",Y,miles
969,Nicholas Dawson,558-44-0046,"5567 Pierce Junctions Suite 358
Brianside, UT 42554",N,miles
970,Nicholas Calderon,111-60-2662,"70020 Andrew Ferry Apt. 656
East Brandyshire, FL 10827",Y,hours
971,Brian Ramsey,636-73-0980,"PSC 9164, Box 9475
APO AP 01088",Y,miles
972,Eric Davis,683-14-1024,"612 Gutierrez Isle
Lindaside, HI 20262",Y,miles
973,Randy Sullivan,754-50-0909,"7138 Vanessa Courts Apt. 367
Port Michael, MH 94311",N,hours
974,Susan Martinez,492-68-9310,"336 Murray Junction
Frankfurt, TX 25509",Y,miles
975,Kathryn Willis,173-63-3850,"2827 Wood Corner Suite 091
Lake Allison, NC 12346",Y,hours
976,Mark Holmes,886-54-8747,"9575 Clark Meadows
South Erichaven, CT 79649",Y,miles
977,Amber Allen,411-93-6382,"2947 Morgan Oval Apt. 889
East Eric, SD 01094",Y,hours
978,Jason Moore,052-92-5849,"47224 Mcdowell Lane Apt. 333
Wallacebury, NY 68116",Y,miles
979,Daniel Reeves,337-56-6669,"3110 Cameron Manors Suite 165
Alexanderview, ID 26229",N,miles
980,John Farrell,076-97-8824,"1451 Monroe Brooks Apt. 107
Freemanville, ME 73454",Y,miles
981,Shannon Hart,766-45-7408,"86560 Gomez Grove Suite 333
Campbellburgh, DE 11937",Y,hours
982,Chris Burch DVM,127-28-9815,"9129 Crawford Plaza Apt. 102
New Laura, AL 16567",N,miles
983,Jessica Gonzalez,302-56-2806,"8605 Woods Passage
South Justin, AS 10973",Y,hours
984,Roger Doyle,713-24-4940,"2064 Spencer Fork
Rebeccafort, AZ 34686",N,hours
985,Frank Swanson,734-45-0615,"29711 Lee Run Suite 927
South Brettland, CO 99274",Y,hours
986,Carlos Vance MD,326-77-3735,"8096 Brian Stravenue
Moranside, KY 30586",Y,hours
987,Ashley Wallace,585-40-9379,"40453 Mark Knoll Apt. 163
South Andreaberg, IA 90544",Y,hours
988,Robert Smith,025-87-7373,"5963 Jensen Knoll
West Matthew, AS 96121",N,hours
989,Michael Garcia,039-67-5287,"544 Chase Union Apt. 495
East William, CT 56255",N,hours
990,Courtney Booth,482-70-0561,"0229 Sean Wells Suite 640
North Joseph, NY 83820",Y,hours
991,John Pittman,123-44-8505,"820 Robin Meadows
New Jasonborough, OH 28688",Y,hours
992,Carrie Stevenson,048-56-1933,"023 Dawn Fort
Katiechester, ME 77913",Y,miles
993,Brian Hoffman,167-12-6721,"31175 Rogers Camp
Danielshire, OK 48662",N,hours
994,Michelle Perez,747-32-5630,"487 Gill Parks
Matthewfort, LA 12794",Y,hours
995,Sarah Harris,325-79-3336,"4323 Michael Summit Apt. 114
Olsonton, AS 54506",N,hours
996,Danielle Abbott,414-30-7028,"0081 Raymond Station Suite 095
Melindaland, MI 76252",Y,miles
997,Logan Wilson,245-63-3540,"2183 Baker Extension Suite 846
Port Ethanchester, MP 63292",N,hours
998,Rose Henderson,639-09-5533,"31441 James Parkway Suite 208
East Nicholas, SD 07766",Y,hours
999,Michael Ayala,839-24-1278,"46019 Collins Ridges
Lisaborough, TN 75912",Y,miles
1000,Susan Cook,111-23-9570,"64566 Mccarthy Mall
Lake Lisaberg, MH 11558",Y,miles
1001,Mr. Nicholas Jordan,590-09-5788,"612 Gerald Streets
Rileychester, CA 12798",Y,hours
1002,Melanie Thompson,292-90-6583,"25886 Daniel Via Apt. 323
South Markside, MA 87975",N,miles
1003,Calvin Wilkins,003-53-2164,"060 James Points Apt. 270
Wrightville, MH 04335",Y,hours
1004,Emily Freeman,094-30-9806,"3882 Kelly Ports Apt. 820
Whiteheadfort, DC 14020",Y,miles
1005,Kathryn Yoder,326-51-8922,"PSC 1315, Box 8250
APO AA 90506",Y,hours
1006,Jamie Lopez,049-03-8677,"634 Joshua Row
Lake Kelseyborough, WY 25052",Y,miles
1007,Caitlin Harper,687-89-3068,"PSC 5380, Box 4274
APO AP 12949",Y,miles
1008,Denise Drake,791-61-3186,"4484 Shelby Burgs
Daniellebury, PR 57197",N,miles
1009,Larry Griffin,354-92-2128,"0757 Thomas Plains
Port Justin, MP 46814",N,hours
